-- MySQL dump 10.13  Distrib 5.7.21, for Win64 (x86_64)
--
-- Host: localhost    Database: db_mi_mall
-- ------------------------------------------------------
-- Server version	5.7.21

/*!40101 SET @OLD_CHARACTER_SET_CLIENT=@@CHARACTER_SET_CLIENT */;
/*!40101 SET @OLD_CHARACTER_SET_RESULTS=@@CHARACTER_SET_RESULTS */;
/*!40101 SET @OLD_COLLATION_CONNECTION=@@COLLATION_CONNECTION */;
/*!40101 SET NAMES utf8 */;
/*!40103 SET @OLD_TIME_ZONE=@@TIME_ZONE */;
/*!40103 SET TIME_ZONE='+00:00' */;
/*!40014 SET @OLD_UNIQUE_CHECKS=@@UNIQUE_CHECKS, UNIQUE_CHECKS=0 */;
/*!40014 SET @OLD_FOREIGN_KEY_CHECKS=@@FOREIGN_KEY_CHECKS, FOREIGN_KEY_CHECKS=0 */;
/*!40101 SET @OLD_SQL_MODE=@@SQL_MODE, SQL_MODE='NO_AUTO_VALUE_ON_ZERO' */;
/*!40111 SET @OLD_SQL_NOTES=@@SQL_NOTES, SQL_NOTES=0 */;

--
-- Current Database: `db_mi_mall`
--

CREATE DATABASE /*!32312 IF NOT EXISTS*/ `db_mi_mall` /*!40100 DEFAULT CHARACTER SET utf8mb4 */;

USE `db_mi_mall`;

--
-- Table structure for table `tb_category`
--

DROP TABLE IF EXISTS `tb_category`;
/*!40101 SET @saved_cs_client     = @@character_set_client */;
/*!40101 SET character_set_client = utf8 */;
CREATE TABLE `tb_category` (
  `id` int(11) NOT NULL AUTO_INCREMENT COMMENT '类别Id',
  `parent_id` int(11) NOT NULL COMMENT '父类别id当id=0时说明是根节点,一级类别',
  `name` varchar(50) NOT NULL COMMENT '类别名称',
  `status` tinyint(1) NOT NULL DEFAULT '0' COMMENT '类别状态0-正常,1-删除',
  `sort_order` int(4) NOT NULL DEFAULT '1' COMMENT '排序编号,同类展示顺序,数值相等则自然排序',
  `created_time` datetime NOT NULL DEFAULT CURRENT_TIMESTAMP COMMENT '创建时间',
  `modified_time` datetime NOT NULL DEFAULT CURRENT_TIMESTAMP ON UPDATE CURRENT_TIMESTAMP COMMENT '更新时间',
  PRIMARY KEY (`id`)
) ENGINE=InnoDB AUTO_INCREMENT=100041 DEFAULT CHARSET=utf8 COMMENT='商品类目表';
/*!40101 SET character_set_client = @saved_cs_client */;

--
-- Dumping data for table `tb_category`
--

LOCK TABLES `tb_category` WRITE;
/*!40000 ALTER TABLE `tb_category` DISABLE KEYS */;
INSERT INTO `tb_category` VALUES (100001,0,'家用电器',0,1,'2000-03-25 16:46:00','2020-03-16 14:37:06'),(100002,0,'数码3C',0,2,'2000-03-25 16:46:21','2020-03-16 14:42:55'),(100003,0,'服装箱包',0,1,'2000-03-25 16:49:53','2020-03-16 14:37:06'),(100004,0,'食品生鲜',0,1,'2000-03-25 16:50:19','2020-03-16 14:37:06'),(100005,0,'酒水饮料',0,1,'2000-03-25 16:50:29','2020-03-16 14:37:06'),(100006,100001,'冰箱',0,1,'2000-03-25 16:52:15','2020-03-16 14:37:06'),(100007,100001,'电视',0,2,'2000-03-25 16:52:26','2020-03-16 14:37:56'),(100008,100001,'洗衣机',0,1,'2000-03-25 16:52:39','2020-03-16 14:37:06'),(100009,100001,'空调',0,1,'2000-03-25 16:52:45','2020-03-16 14:37:06'),(100010,100001,'电热水器',0,1,'2000-03-25 16:52:54','2020-03-16 14:37:06'),(100011,100002,'电脑',0,1,'2000-03-25 16:53:18','2020-03-16 14:37:06'),(100012,100002,'手机',0,1,'2000-03-25 16:53:27','2020-03-16 14:37:06'),(100013,100002,'平板电脑',0,1,'2000-03-25 16:53:35','2020-03-16 14:37:06'),(100014,100002,'数码相机',0,1,'2000-03-25 16:53:56','2020-03-16 14:37:06'),(100015,100002,'3C配件',0,1,'2000-03-25 16:54:07','2020-03-16 14:37:06'),(100016,100003,'女装',0,1,'2000-03-25 16:54:44','2020-03-16 14:37:06'),(100017,100003,'帽子',0,1,'2000-03-25 16:54:51','2020-03-16 14:37:06'),(100018,100003,'旅行箱',0,1,'2000-03-25 16:55:02','2020-03-16 14:37:06'),(100019,100003,'手提包',0,1,'2000-03-25 16:55:09','2020-03-16 14:37:06'),(100020,100003,'保暖内衣',0,1,'2000-03-25 16:55:18','2020-03-16 14:37:06'),(100021,100004,'零食',0,1,'2000-03-25 16:55:30','2020-03-16 14:37:06'),(100022,100004,'生鲜',0,1,'2000-03-25 16:55:37','2020-03-16 14:37:06'),(100023,100004,'半成品菜',0,1,'2000-03-25 16:55:47','2020-03-16 14:37:06'),(100024,100004,'速冻食品',0,1,'2000-03-25 16:55:56','2020-03-16 14:37:06'),(100025,100004,'进口食品',0,1,'2000-03-25 16:56:06','2020-03-16 14:37:06'),(100026,100005,'白酒',0,1,'2000-03-25 16:56:22','2020-03-16 14:37:06'),(100027,100005,'红酒',0,1,'2000-03-25 16:56:30','2020-03-16 14:37:06'),(100028,100005,'饮料',0,1,'2000-03-25 16:56:37','2020-03-16 14:37:06'),(100029,100005,'调制鸡尾酒',0,1,'2000-03-25 16:56:45','2020-03-16 14:37:06'),(100030,100005,'进口洋酒',0,1,'2000-03-25 16:57:05','2020-03-16 14:37:06'),(100031,100006,'海尔冰箱',0,1,'2020-03-16 13:27:52','2020-03-16 14:37:06'),(100032,100007,'小米电视',0,1,'2020-03-16 13:56:47','2020-03-16 14:37:06'),(100033,100008,'海尔洗衣机',0,1,'2020-03-16 13:57:13','2020-03-16 14:37:06'),(100034,100009,'格力空调',0,1,'2020-03-16 13:57:28','2020-03-16 14:37:06'),(100035,100010,'霸王电热水器',0,1,'2020-03-16 13:57:44','2020-03-16 14:37:06'),(100036,100011,'华为电脑',0,1,'2020-03-16 13:58:06','2020-03-16 14:37:06'),(100037,100012,'苹果手机',0,1,'2020-03-16 13:58:22','2020-03-16 14:37:06'),(100038,100013,'步步高平板电脑',0,1,'2020-03-16 13:58:47','2020-03-16 14:37:06'),(100039,100014,'佳能数码相机',0,1,'2020-03-16 13:58:58','2020-03-16 14:37:06'),(100040,100015,'小米3C配件',0,1,'2020-03-16 13:59:20','2020-03-16 14:37:06');
/*!40000 ALTER TABLE `tb_category` ENABLE KEYS */;
UNLOCK TABLES;

--
-- Table structure for table `tb_order`
--

DROP TABLE IF EXISTS `tb_order`;
/*!40101 SET @saved_cs_client     = @@character_set_client */;
/*!40101 SET character_set_client = utf8 */;
CREATE TABLE `tb_order` (
  `id` int(11) NOT NULL AUTO_INCREMENT COMMENT '订单id',
  `order_no` bigint(20) NOT NULL COMMENT '订单号',
  `user_id` int(11) DEFAULT NULL COMMENT '用户id',
  `shipping_id` int(11) DEFAULT NULL COMMENT '收货地址id',
  `payment` decimal(20,2) NOT NULL COMMENT '实际付款金额,单位是元,保留两位小数',
  `payment_type` int(4) NOT NULL COMMENT '支付类型,1-在线支付',
  `postage` int(10) NOT NULL COMMENT '运费,单位是元',
  `status` int(10) NOT NULL COMMENT '订单状态:0-已取消-10-未付款，20-已付款，40-已发货，50-交易成功，60-交易关闭',
  `payment_time` datetime DEFAULT NULL COMMENT '支付时间',
  `send_time` datetime DEFAULT NULL COMMENT '发货时间',
  `end_time` datetime DEFAULT NULL COMMENT '交易完成时间',
  `closed_time` datetime DEFAULT NULL COMMENT '交易关闭时间',
  `created_time` datetime NOT NULL DEFAULT CURRENT_TIMESTAMP COMMENT '创建时间',
  `modified_time` datetime NOT NULL DEFAULT CURRENT_TIMESTAMP ON UPDATE CURRENT_TIMESTAMP COMMENT '更新时间',
  PRIMARY KEY (`id`),
  UNIQUE KEY `order_no_index` (`order_no`) USING BTREE
) ENGINE=InnoDB AUTO_INCREMENT=5 DEFAULT CHARSET=utf8 COMMENT='订单表';
/*!40101 SET character_set_client = @saved_cs_client */;

--
-- Dumping data for table `tb_order`
--

LOCK TABLES `tb_order` WRITE;
/*!40000 ALTER TABLE `tb_order` DISABLE KEYS */;
INSERT INTO `tb_order` VALUES (1,1239901840171208706,1,1,0.01,1,0,20,'2020-03-18 00:43:58',NULL,NULL,NULL,'2020-03-17 00:44:45','2020-03-18 00:43:58'),(2,1657632742017,2,2,48993.00,1,0,10,NULL,NULL,NULL,NULL,'2022-07-12 21:32:21','2022-07-12 21:32:21'),(3,1658329227169,2,2,19995.00,1,0,10,NULL,NULL,NULL,NULL,'2022-07-20 23:00:26','2022-07-20 23:00:26'),(4,1658384346840,2,2,6999.00,1,0,10,NULL,NULL,NULL,NULL,'2022-07-21 14:19:06','2022-07-21 14:19:06');
/*!40000 ALTER TABLE `tb_order` ENABLE KEYS */;
UNLOCK TABLES;

--
-- Table structure for table `tb_order_item`
--

DROP TABLE IF EXISTS `tb_order_item`;
/*!40101 SET @saved_cs_client     = @@character_set_client */;
/*!40101 SET character_set_client = utf8 */;
CREATE TABLE `tb_order_item` (
  `id` int(11) NOT NULL AUTO_INCREMENT COMMENT '订单子表id',
  `user_id` int(11) DEFAULT NULL,
  `order_no` bigint(20) DEFAULT NULL,
  `product_id` int(11) DEFAULT NULL COMMENT '商品id',
  `product_name` varchar(100) DEFAULT NULL COMMENT '商品名称',
  `product_image` varchar(500) DEFAULT NULL COMMENT '商品图片地址',
  `current_unit_price` decimal(20,2) DEFAULT NULL COMMENT '生成订单时的商品单价，单位是元,保留两位小数',
  `quantity` int(10) DEFAULT NULL COMMENT '商品数量',
  `total_price` decimal(20,2) DEFAULT NULL COMMENT '商品总价,单位是元,保留两位小数',
  `created_time` datetime DEFAULT NULL,
  `modified_time` datetime DEFAULT NULL,
  PRIMARY KEY (`id`),
  KEY `order_no_index` (`order_no`) USING BTREE,
  KEY `order_no_user_id_index` (`user_id`,`order_no`) USING BTREE
) ENGINE=InnoDB AUTO_INCREMENT=7 DEFAULT CHARSET=utf8 COMMENT='订单明细表';
/*!40101 SET character_set_client = @saved_cs_client */;

--
-- Dumping data for table `tb_order_item`
--

LOCK TABLES `tb_order_item` WRITE;
/*!40000 ALTER TABLE `tb_order_item` DISABLE KEYS */;
INSERT INTO `tb_order_item` VALUES (1,1,1239901840171208704,26,'Apple iPhone 7 Plus (A1661) 128G 玫瑰金色 移动联通电信4G手机','241997c4-9e62-4824-b7f0-7425c3c28917.jpeg',6999.00,2,13998.00,NULL,NULL),(2,1,1239901840171208704,27,'Midea/美的 BCD-535WKZM(E)冰箱双开门对开门风冷无霜智能电家用','ac3e571d-13ce-4fad-89e8-c92c2eccf536.jpeg',3299.00,1,3299.00,NULL,NULL),(3,2,1657632742017,26,'Apple iPhone 7 Plus (A1661) 128G 玫瑰金色 移动联通电信4G手机','241997c4-9e62-4824-b7f0-7425c3c28917.jpeg',6999.00,7,48993.00,NULL,NULL),(4,2,1658329227169,35,'Apple iPhone 7 Plus (A1661) 128G 玫瑰金色 移动联通电信4G手机','241997c4-9e62-4824-b7f0-7425c3c28917.jpeg',6999.00,2,13998.00,NULL,NULL),(5,2,1658329227169,62,'4+64G送手环/Huawei/华为 nova 手机P9/P10plus青春','0093f5d3-bdb4-4fb0-bec5-5465dfd26363.jpeg',1999.00,3,5997.00,NULL,NULL),(6,2,1658384346840,35,'Apple iPhone 7 Plus (A1661) 128G 玫瑰金色 移动联通电信4G手机','https://cdn.cnbj1.fds.api.mi-img.com/nr-pub/202207012000_0b9df066c110f201154013ac373df1d9.png',6999.00,1,6999.00,NULL,NULL);
/*!40000 ALTER TABLE `tb_order_item` ENABLE KEYS */;
UNLOCK TABLES;

--
-- Table structure for table `tb_pay_info`
--

DROP TABLE IF EXISTS `tb_pay_info`;
/*!40101 SET @saved_cs_client     = @@character_set_client */;
/*!40101 SET character_set_client = utf8 */;
CREATE TABLE `tb_pay_info` (
  `id` int(11) NOT NULL AUTO_INCREMENT,
  `user_id` int(11) DEFAULT NULL COMMENT '用户id',
  `order_no` varchar(20) NOT NULL COMMENT '订单号',
  `pay_platform` int(10) NOT NULL COMMENT '支付平台:1-支付宝,2-微信',
  `platform_number` varchar(200) DEFAULT NULL COMMENT '第三方支付平台支付流水号',
  `platform_status` varchar(20) NOT NULL COMMENT '第三方支付平台支付状态',
  `pay_amount` decimal(20,2) NOT NULL COMMENT '支付金额',
  `created_time` datetime NOT NULL DEFAULT CURRENT_TIMESTAMP COMMENT '创建时间',
  `modified_time` datetime NOT NULL DEFAULT CURRENT_TIMESTAMP ON UPDATE CURRENT_TIMESTAMP COMMENT '更新时间',
  PRIMARY KEY (`id`),
  UNIQUE KEY `uni_order_no` (`order_no`),
  UNIQUE KEY `uni_platform_number` (`platform_number`)
) ENGINE=InnoDB AUTO_INCREMENT=5 DEFAULT CHARSET=utf8 COMMENT='第三方支付记录表';
/*!40101 SET character_set_client = @saved_cs_client */;

--
-- Dumping data for table `tb_pay_info`
--

LOCK TABLES `tb_pay_info` WRITE;
/*!40000 ALTER TABLE `tb_pay_info` DISABLE KEYS */;
INSERT INTO `tb_pay_info` VALUES (1,NULL,'202003141335',2,'4200000508202003158963215579','SUCCESS',0.01,'2020-03-15 01:42:10','2020-03-15 01:42:21'),(2,NULL,'1239901840171208704',1,'2020031822001490351401360752','SUCCESS',0.01,'2020-03-18 00:33:01','2020-03-18 00:33:52'),(3,NULL,'1239901840171208705',1,'2020031822001490351401385593','SUCCESS',0.01,'2020-03-18 00:40:30','2020-03-18 00:40:49'),(4,NULL,'1239901840171208706',1,'2020031822001490351401394533','SUCCESS',0.01,'2020-03-18 00:43:33','2020-03-18 00:43:44');
/*!40000 ALTER TABLE `tb_pay_info` ENABLE KEYS */;
UNLOCK TABLES;

--
-- Table structure for table `tb_product`
--

DROP TABLE IF EXISTS `tb_product`;
/*!40101 SET @saved_cs_client     = @@character_set_client */;
/*!40101 SET character_set_client = utf8 */;
CREATE TABLE `tb_product` (
  `id` int(11) NOT NULL AUTO_INCREMENT COMMENT '商品id',
  `category_id` int(11) NOT NULL COMMENT '分类id,对应mall_category表的主键',
  `name` varchar(100) NOT NULL COMMENT '商品名称',
  `subtitle` varchar(200) DEFAULT NULL COMMENT '商品副标题',
  `main_image` varchar(500) DEFAULT NULL COMMENT '产品主图,url相对地址',
  `sub_images` text COMMENT '图片地址,json格式,扩展用',
  `detail` text COMMENT '商品详情',
  `price` decimal(20,2) NOT NULL COMMENT '价格,单位-元保留两位小数',
  `stock` int(11) NOT NULL COMMENT '库存数量',
  `status` int(1) DEFAULT '1' COMMENT '商品状态.1-在售 2-下架 3-删除',
  `created_time` datetime NOT NULL DEFAULT CURRENT_TIMESTAMP COMMENT '创建时间',
  `modified_time` datetime NOT NULL DEFAULT CURRENT_TIMESTAMP ON UPDATE CURRENT_TIMESTAMP COMMENT '更新时间',
  PRIMARY KEY (`id`)
) ENGINE=InnoDB AUTO_INCREMENT=273 DEFAULT CHARSET=utf8 COMMENT='商品表';
/*!40101 SET character_set_client = @saved_cs_client */;

--
-- Dumping data for table `tb_product`
--

LOCK TABLES `tb_product` WRITE;
/*!40000 ALTER TABLE `tb_product` DISABLE KEYS */;
INSERT INTO `tb_product` VALUES (26,100002,'Apple iPhone 7 Plus (A1661) 128G 玫瑰金色 移动联通电信4G手机','iPhone 7，现更以红色呈现。','https://cdn.cnbj1.fds.api.mi-img.com/nr-pub/202207012000_0b9df066c110f201154013ac373df1d9.png','241997c4-9e62-4824-b7f0-7425c3c28917.jpeg,b6c56eb0-1748-49a9-98dc-bcc4b9788a54.jpeg,92f17532-1527-4563-aa1d-ed01baa0f7b2.jpeg,3adbe4f7-e374-4533-aa79-cc4a98c529bf.jpeg','<p><img alt=\"10000.jpg\" src=\"http://img.springboot.cn/00bce8d4-e9af-4c8d-b205-e6c75c7e252b.jpg\" width=\"790\" height=\"553\"><br></p><p><img alt=\"20000.jpg\" src=\"http://img.springboot.cn/4a70b4b4-01ee-46af-9468-31e67d0995b8.jpg\" width=\"790\" height=\"525\"><br></p><p><img alt=\"30000.jpg\" src=\"http://img.springboot.cn/0570e033-12d7-49b2-88f3-7a5d84157223.jpg\" width=\"790\" height=\"365\"><br></p><p><img alt=\"40000.jpg\" src=\"http://img.springboot.cn/50515c02-3255-44b9-a829-9e141a28c08a.jpg\" width=\"790\" height=\"525\"><br></p><p><img alt=\"50000.jpg\" src=\"http://img.springboot.cn/c138fc56-5843-4287-a029-91cf3732d034.jpg\" width=\"790\" height=\"525\"><br></p><p><img alt=\"60000.jpg\" src=\"http://img.springboot.cn/c92d1f8a-9827-453f-9d37-b10a3287e894.jpg\" width=\"790\" height=\"525\"><br></p><p><br></p><p><img alt=\"TB24p51hgFkpuFjSspnXXb4qFXa-1776456424.jpg\" src=\"http://img.springboot.cn/bb1511fc-3483-471f-80e5-c7c81fa5e1dd.jpg\" width=\"790\" height=\"375\"><br></p><p><br></p><p><img alt=\"shouhou.jpg\" src=\"http://img.springboot.cn/698e6fbe-97ea-478b-8170-008ad24030f7.jpg\" width=\"750\" height=\"150\"><br></p><p><img alt=\"999.jpg\" src=\"http://img.springboot.cn/ee276fe6-5d79-45aa-8393-ba1d210f9c89.jpg\" width=\"790\" height=\"351\"><br></p>',6999.00,91,1,'2000-04-13 21:45:41','2022-07-21 14:18:08'),(27,100006,'Midea/美的 BCD-535WKZM(E)冰箱双开门对开门风冷无霜智能电家用','送品牌烤箱，五一大促','https://cdn.cnbj1.fds.api.mi-img.com/nr-pub/202207012000_0b9df066c110f201154013ac373df1d9.png','ac3e571d-13ce-4fad-89e8-c92c2eccf536.jpeg,4bb02f1c-62d5-48cc-b358-97b05af5740d.jpeg,36bdb49c-72ae-4185-9297-78829b54b566.jpeg','<p><img alt=\"miaoshu.jpg\" src=\"http://img.springboot.cn/9c5c74e6-6615-4aa0-b1fc-c17a1eff6027.jpg\" width=\"790\" height=\"444\"><br></p><p><img alt=\"miaoshu2.jpg\" src=\"http://img.springboot.cn/31dc1a94-f354-48b8-a170-1a1a6de8751b.jpg\" width=\"790\" height=\"1441\"><img alt=\"miaoshu3.jpg\" src=\"http://img.springboot.cn/7862594b-3063-4b52-b7d4-cea980c604e0.jpg\" width=\"790\" height=\"1442\"><img alt=\"miaoshu4.jpg\" src=\"http://img.springboot.cn/9a650563-dc85-44d6-b174-d6960cfb1d6a.jpg\" width=\"790\" height=\"1441\"><br></p>',3299.00,99,1,'2000-04-13 18:51:54','2022-07-21 14:18:08'),(28,100012,'4+64G送手环/Huawei/华为 nova 手机P9/P10plus青春','NOVA青春版1999元','https://cdn.cnbj1.fds.api.mi-img.com/nr-pub/202207012000_0b9df066c110f201154013ac373df1d9.png','0093f5d3-bdb4-4fb0-bec5-5465dfd26363.jpeg,13da2172-4445-4eb5-a13f-c5d4ede8458c.jpeg,58d5d4b7-58d4-4948-81b6-2bae4f79bf02.jpeg','<p><img alt=\"11TB2fKK3cl0kpuFjSsziXXa.oVXa_!!1777180618.jpg\" src=\"http://img.springboot.cn/5c2d1c6d-9e09-48ce-bbdb-e833b42ff664.jpg\" width=\"790\" height=\"966\"><img alt=\"22TB2YP3AkEhnpuFjSZFpXXcpuXXa_!!1777180618.jpg\" src=\"http://img.springboot.cn/9a10b877-818f-4a27-b6f7-62887f3fb39d.jpg\" width=\"790\" height=\"1344\"><img alt=\"33TB2Yyshk.hnpuFjSZFpXXcpuXXa_!!1777180618.jpg\" src=\"http://img.springboot.cn/7d7fbd69-a3cb-4efe-8765-423bf8276e3e.jpg\" width=\"790\" height=\"700\"><img alt=\"TB2diyziB8kpuFjSspeXXc7IpXa_!!1777180618.jpg\" src=\"http://img.springboot.cn/1d7160d2-9dba-422f-b2a0-e92847ba6ce9.jpg\" width=\"790\" height=\"393\"><br></p>',1999.00,100,1,'2000-04-13 18:57:18','2022-07-21 06:14:51'),(29,100008,'Haier/海尔HJ100-1HU1 10公斤滚筒洗衣机全自动带烘干家用大容量 洗烘一体','门店机型 德邦送货','https://cdn.cnbj1.fds.api.mi-img.com/nr-pub/202207012000_0b9df066c110f201154013ac373df1d9.png','173335a4-5dce-4afd-9f18-a10623724c4e.jpeg,42b1b8bc-27c7-4ee1-80ab-753d216a1d49.jpeg,2f1b3de1-1eb1-4c18-8ca2-518934931bec.jpeg','<p><img alt=\"1TB2WLZrcIaK.eBjSspjXXXL.XXa_!!2114960396.jpg\" src=\"http://img.springboot.cn/ffcce953-81bd-463c-acd1-d690b263d6df.jpg\" width=\"790\" height=\"920\"><img alt=\"2TB2zhOFbZCO.eBjSZFzXXaRiVXa_!!2114960396.jpg\" src=\"http://img.springboot.cn/58a7bd25-c3e7-4248-9dba-158ef2a90e70.jpg\" width=\"790\" height=\"1052\"><img alt=\"3TB27mCtb7WM.eBjSZFhXXbdWpXa_!!2114960396.jpg\" src=\"http://img.springboot.cn/2edbe9b3-28be-4a8b-a9c3-82e40703f22f.jpg\" width=\"790\" height=\"820\"><br></p>',4299.00,100,1,'2000-04-13 19:07:47','2022-07-21 14:18:08'),(30,100002,'Apple iPhone 7 Plus (A1661) 128G 玫瑰金色 移动联通电信4G手机','iPhone 7，现更以红色呈现。','https://cdn.cnbj1.fds.api.mi-img.com/nr-pub/202207012000_0b9df066c110f201154013ac373df1d9.png','241997c4-9e62-4824-b7f0-7425c3c28917.jpeg,b6c56eb0-1748-49a9-98dc-bcc4b9788a54.jpeg,92f17532-1527-4563-aa1d-ed01baa0f7b2.jpeg,3adbe4f7-e374-4533-aa79-cc4a98c529bf.jpeg','<p><img alt=\"10000.jpg\" src=\"http://img.springboot.cn/00bce8d4-e9af-4c8d-b205-e6c75c7e252b.jpg\" width=\"790\" height=\"553\"><br></p><p><img alt=\"20000.jpg\" src=\"http://img.springboot.cn/4a70b4b4-01ee-46af-9468-31e67d0995b8.jpg\" width=\"790\" height=\"525\"><br></p><p><img alt=\"30000.jpg\" src=\"http://img.springboot.cn/0570e033-12d7-49b2-88f3-7a5d84157223.jpg\" width=\"790\" height=\"365\"><br></p><p><img alt=\"40000.jpg\" src=\"http://img.springboot.cn/50515c02-3255-44b9-a829-9e141a28c08a.jpg\" width=\"790\" height=\"525\"><br></p><p><img alt=\"50000.jpg\" src=\"http://img.springboot.cn/c138fc56-5843-4287-a029-91cf3732d034.jpg\" width=\"790\" height=\"525\"><br></p><p><img alt=\"60000.jpg\" src=\"http://img.springboot.cn/c92d1f8a-9827-453f-9d37-b10a3287e894.jpg\" width=\"790\" height=\"525\"><br></p><p><br></p><p><img alt=\"TB24p51hgFkpuFjSspnXXb4qFXa-1776456424.jpg\" src=\"http://img.springboot.cn/bb1511fc-3483-471f-80e5-c7c81fa5e1dd.jpg\" width=\"790\" height=\"375\"><br></p><p><br></p><p><img alt=\"shouhou.jpg\" src=\"http://img.springboot.cn/698e6fbe-97ea-478b-8170-008ad24030f7.jpg\" width=\"750\" height=\"150\"><br></p><p><img alt=\"999.jpg\" src=\"http://img.springboot.cn/ee276fe6-5d79-45aa-8393-ba1d210f9c89.jpg\" width=\"790\" height=\"351\"><br></p>',6999.00,91,1,'2000-04-13 21:45:41','2022-07-21 14:18:08'),(31,100006,'Midea/美的 BCD-535WKZM(E)冰箱双开门对开门风冷无霜智能电家用','送品牌烤箱，五一大促','https://cdn.cnbj1.fds.api.mi-img.com/nr-pub/202207012000_0b9df066c110f201154013ac373df1d9.png','ac3e571d-13ce-4fad-89e8-c92c2eccf536.jpeg,4bb02f1c-62d5-48cc-b358-97b05af5740d.jpeg,36bdb49c-72ae-4185-9297-78829b54b566.jpeg','<p><img alt=\"miaoshu.jpg\" src=\"http://img.springboot.cn/9c5c74e6-6615-4aa0-b1fc-c17a1eff6027.jpg\" width=\"790\" height=\"444\"><br></p><p><img alt=\"miaoshu2.jpg\" src=\"http://img.springboot.cn/31dc1a94-f354-48b8-a170-1a1a6de8751b.jpg\" width=\"790\" height=\"1441\"><img alt=\"miaoshu3.jpg\" src=\"http://img.springboot.cn/7862594b-3063-4b52-b7d4-cea980c604e0.jpg\" width=\"790\" height=\"1442\"><img alt=\"miaoshu4.jpg\" src=\"http://img.springboot.cn/9a650563-dc85-44d6-b174-d6960cfb1d6a.jpg\" width=\"790\" height=\"1441\"><br></p>',3299.00,99,1,'2000-04-13 18:51:54','2022-07-21 14:18:08'),(32,100012,'4+64G送手环/Huawei/华为 nova 手机P9/P10plus青春','NOVA青春版1999元','https://cdn.cnbj1.fds.api.mi-img.com/nr-pub/202207012000_0b9df066c110f201154013ac373df1d9.png','0093f5d3-bdb4-4fb0-bec5-5465dfd26363.jpeg,13da2172-4445-4eb5-a13f-c5d4ede8458c.jpeg,58d5d4b7-58d4-4948-81b6-2bae4f79bf02.jpeg','<p><img alt=\"11TB2fKK3cl0kpuFjSsziXXa.oVXa_!!1777180618.jpg\" src=\"http://img.springboot.cn/5c2d1c6d-9e09-48ce-bbdb-e833b42ff664.jpg\" width=\"790\" height=\"966\"><img alt=\"22TB2YP3AkEhnpuFjSZFpXXcpuXXa_!!1777180618.jpg\" src=\"http://img.springboot.cn/9a10b877-818f-4a27-b6f7-62887f3fb39d.jpg\" width=\"790\" height=\"1344\"><img alt=\"33TB2Yyshk.hnpuFjSZFpXXcpuXXa_!!1777180618.jpg\" src=\"http://img.springboot.cn/7d7fbd69-a3cb-4efe-8765-423bf8276e3e.jpg\" width=\"790\" height=\"700\"><img alt=\"TB2diyziB8kpuFjSspeXXc7IpXa_!!1777180618.jpg\" src=\"http://img.springboot.cn/1d7160d2-9dba-422f-b2a0-e92847ba6ce9.jpg\" width=\"790\" height=\"393\"><br></p>',1999.00,100,1,'2000-04-13 18:57:18','2022-07-21 06:14:51'),(33,100008,'Haier/海尔HJ100-1HU1 10公斤滚筒洗衣机全自动带烘干家用大容量 洗烘一体','门店机型 德邦送货','https://cdn.cnbj1.fds.api.mi-img.com/nr-pub/202207012000_0b9df066c110f201154013ac373df1d9.png','173335a4-5dce-4afd-9f18-a10623724c4e.jpeg,42b1b8bc-27c7-4ee1-80ab-753d216a1d49.jpeg,2f1b3de1-1eb1-4c18-8ca2-518934931bec.jpeg','<p><img alt=\"1TB2WLZrcIaK.eBjSspjXXXL.XXa_!!2114960396.jpg\" src=\"http://img.springboot.cn/ffcce953-81bd-463c-acd1-d690b263d6df.jpg\" width=\"790\" height=\"920\"><img alt=\"2TB2zhOFbZCO.eBjSZFzXXaRiVXa_!!2114960396.jpg\" src=\"http://img.springboot.cn/58a7bd25-c3e7-4248-9dba-158ef2a90e70.jpg\" width=\"790\" height=\"1052\"><img alt=\"3TB27mCtb7WM.eBjSZFhXXbdWpXa_!!2114960396.jpg\" src=\"http://img.springboot.cn/2edbe9b3-28be-4a8b-a9c3-82e40703f22f.jpg\" width=\"790\" height=\"820\"><br></p>',4299.00,100,1,'2000-04-13 19:07:47','2022-07-21 14:18:08'),(35,100002,'Apple iPhone 7 Plus (A1661) 128G 玫瑰金色 移动联通电信4G手机','iPhone 7，现更以红色呈现。','https://cdn.cnbj1.fds.api.mi-img.com/nr-pub/202207012000_0b9df066c110f201154013ac373df1d9.png','241997c4-9e62-4824-b7f0-7425c3c28917.jpeg,b6c56eb0-1748-49a9-98dc-bcc4b9788a54.jpeg,92f17532-1527-4563-aa1d-ed01baa0f7b2.jpeg,3adbe4f7-e374-4533-aa79-cc4a98c529bf.jpeg','<p><img alt=\"10000.jpg\" src=\"http://img.springboot.cn/00bce8d4-e9af-4c8d-b205-e6c75c7e252b.jpg\" width=\"790\" height=\"553\"><br></p><p><img alt=\"20000.jpg\" src=\"http://img.springboot.cn/4a70b4b4-01ee-46af-9468-31e67d0995b8.jpg\" width=\"790\" height=\"525\"><br></p><p><img alt=\"30000.jpg\" src=\"http://img.springboot.cn/0570e033-12d7-49b2-88f3-7a5d84157223.jpg\" width=\"790\" height=\"365\"><br></p><p><img alt=\"40000.jpg\" src=\"http://img.springboot.cn/50515c02-3255-44b9-a829-9e141a28c08a.jpg\" width=\"790\" height=\"525\"><br></p><p><img alt=\"50000.jpg\" src=\"http://img.springboot.cn/c138fc56-5843-4287-a029-91cf3732d034.jpg\" width=\"790\" height=\"525\"><br></p><p><img alt=\"60000.jpg\" src=\"http://img.springboot.cn/c92d1f8a-9827-453f-9d37-b10a3287e894.jpg\" width=\"790\" height=\"525\"><br></p><p><br></p><p><img alt=\"TB24p51hgFkpuFjSspnXXb4qFXa-1776456424.jpg\" src=\"http://img.springboot.cn/bb1511fc-3483-471f-80e5-c7c81fa5e1dd.jpg\" width=\"790\" height=\"375\"><br></p><p><br></p><p><img alt=\"shouhou.jpg\" src=\"http://img.springboot.cn/698e6fbe-97ea-478b-8170-008ad24030f7.jpg\" width=\"750\" height=\"150\"><br></p><p><img alt=\"999.jpg\" src=\"http://img.springboot.cn/ee276fe6-5d79-45aa-8393-ba1d210f9c89.jpg\" width=\"790\" height=\"351\"><br></p>',6999.00,88,1,'2000-04-13 21:45:41','2022-07-21 14:18:08'),(38,100006,'Midea/美的 BCD-535WKZM(E)冰箱双开门对开门风冷无霜智能电家用','送品牌烤箱，五一大促','https://cdn.cnbj1.fds.api.mi-img.com/nr-pub/202207012000_0b9df066c110f201154013ac373df1d9.png','ac3e571d-13ce-4fad-89e8-c92c2eccf536.jpeg,4bb02f1c-62d5-48cc-b358-97b05af5740d.jpeg,36bdb49c-72ae-4185-9297-78829b54b566.jpeg','<p><img alt=\"miaoshu.jpg\" src=\"http://img.springboot.cn/9c5c74e6-6615-4aa0-b1fc-c17a1eff6027.jpg\" width=\"790\" height=\"444\"><br></p><p><img alt=\"miaoshu2.jpg\" src=\"http://img.springboot.cn/31dc1a94-f354-48b8-a170-1a1a6de8751b.jpg\" width=\"790\" height=\"1441\"><img alt=\"miaoshu3.jpg\" src=\"http://img.springboot.cn/7862594b-3063-4b52-b7d4-cea980c604e0.jpg\" width=\"790\" height=\"1442\"><img alt=\"miaoshu4.jpg\" src=\"http://img.springboot.cn/9a650563-dc85-44d6-b174-d6960cfb1d6a.jpg\" width=\"790\" height=\"1441\"><br></p>',3299.00,99,1,'2000-04-13 18:51:54','2022-07-21 14:18:08'),(39,100012,'4+64G送手环/Huawei/华为 nova 手机P9/P10plus青春','NOVA青春版1999元','https://cdn.cnbj1.fds.api.mi-img.com/nr-pub/202207012000_0b9df066c110f201154013ac373df1d9.png','0093f5d3-bdb4-4fb0-bec5-5465dfd26363.jpeg,13da2172-4445-4eb5-a13f-c5d4ede8458c.jpeg,58d5d4b7-58d4-4948-81b6-2bae4f79bf02.jpeg','<p><img alt=\"11TB2fKK3cl0kpuFjSsziXXa.oVXa_!!1777180618.jpg\" src=\"http://img.springboot.cn/5c2d1c6d-9e09-48ce-bbdb-e833b42ff664.jpg\" width=\"790\" height=\"966\"><img alt=\"22TB2YP3AkEhnpuFjSZFpXXcpuXXa_!!1777180618.jpg\" src=\"http://img.springboot.cn/9a10b877-818f-4a27-b6f7-62887f3fb39d.jpg\" width=\"790\" height=\"1344\"><img alt=\"33TB2Yyshk.hnpuFjSZFpXXcpuXXa_!!1777180618.jpg\" src=\"http://img.springboot.cn/7d7fbd69-a3cb-4efe-8765-423bf8276e3e.jpg\" width=\"790\" height=\"700\"><img alt=\"TB2diyziB8kpuFjSspeXXc7IpXa_!!1777180618.jpg\" src=\"http://img.springboot.cn/1d7160d2-9dba-422f-b2a0-e92847ba6ce9.jpg\" width=\"790\" height=\"393\"><br></p>',1999.00,100,1,'2000-04-13 18:57:18','2022-07-21 14:18:08'),(40,100008,'Haier/海尔HJ100-1HU1 10公斤滚筒洗衣机全自动带烘干家用大容量 洗烘一体','门店机型 德邦送货','https://cdn.cnbj1.fds.api.mi-img.com/nr-pub/202207012000_0b9df066c110f201154013ac373df1d9.png','173335a4-5dce-4afd-9f18-a10623724c4e.jpeg,42b1b8bc-27c7-4ee1-80ab-753d216a1d49.jpeg,2f1b3de1-1eb1-4c18-8ca2-518934931bec.jpeg','<p><img alt=\"1TB2WLZrcIaK.eBjSspjXXXL.XXa_!!2114960396.jpg\" src=\"http://img.springboot.cn/ffcce953-81bd-463c-acd1-d690b263d6df.jpg\" width=\"790\" height=\"920\"><img alt=\"2TB2zhOFbZCO.eBjSZFzXXaRiVXa_!!2114960396.jpg\" src=\"http://img.springboot.cn/58a7bd25-c3e7-4248-9dba-158ef2a90e70.jpg\" width=\"790\" height=\"1052\"><img alt=\"3TB27mCtb7WM.eBjSZFhXXbdWpXa_!!2114960396.jpg\" src=\"http://img.springboot.cn/2edbe9b3-28be-4a8b-a9c3-82e40703f22f.jpg\" width=\"790\" height=\"820\"><br></p>',4299.00,100,1,'2000-04-13 19:07:47','2022-07-21 14:18:08'),(41,100002,'Apple iPhone 7 Plus (A1661) 128G 玫瑰金色 移动联通电信4G手机','iPhone 7，现更以红色呈现。','https://cdn.cnbj1.fds.api.mi-img.com/nr-pub/202207012000_0b9df066c110f201154013ac373df1d9.png','241997c4-9e62-4824-b7f0-7425c3c28917.jpeg,b6c56eb0-1748-49a9-98dc-bcc4b9788a54.jpeg,92f17532-1527-4563-aa1d-ed01baa0f7b2.jpeg,3adbe4f7-e374-4533-aa79-cc4a98c529bf.jpeg','<p><img alt=\"10000.jpg\" src=\"http://img.springboot.cn/00bce8d4-e9af-4c8d-b205-e6c75c7e252b.jpg\" width=\"790\" height=\"553\"><br></p><p><img alt=\"20000.jpg\" src=\"http://img.springboot.cn/4a70b4b4-01ee-46af-9468-31e67d0995b8.jpg\" width=\"790\" height=\"525\"><br></p><p><img alt=\"30000.jpg\" src=\"http://img.springboot.cn/0570e033-12d7-49b2-88f3-7a5d84157223.jpg\" width=\"790\" height=\"365\"><br></p><p><img alt=\"40000.jpg\" src=\"http://img.springboot.cn/50515c02-3255-44b9-a829-9e141a28c08a.jpg\" width=\"790\" height=\"525\"><br></p><p><img alt=\"50000.jpg\" src=\"http://img.springboot.cn/c138fc56-5843-4287-a029-91cf3732d034.jpg\" width=\"790\" height=\"525\"><br></p><p><img alt=\"60000.jpg\" src=\"http://img.springboot.cn/c92d1f8a-9827-453f-9d37-b10a3287e894.jpg\" width=\"790\" height=\"525\"><br></p><p><br></p><p><img alt=\"TB24p51hgFkpuFjSspnXXb4qFXa-1776456424.jpg\" src=\"http://img.springboot.cn/bb1511fc-3483-471f-80e5-c7c81fa5e1dd.jpg\" width=\"790\" height=\"375\"><br></p><p><br></p><p><img alt=\"shouhou.jpg\" src=\"http://img.springboot.cn/698e6fbe-97ea-478b-8170-008ad24030f7.jpg\" width=\"750\" height=\"150\"><br></p><p><img alt=\"999.jpg\" src=\"http://img.springboot.cn/ee276fe6-5d79-45aa-8393-ba1d210f9c89.jpg\" width=\"790\" height=\"351\"><br></p>',6999.00,91,1,'2000-04-13 21:45:41','2022-07-21 14:18:08'),(42,100006,'Midea/美的 BCD-535WKZM(E)冰箱双开门对开门风冷无霜智能电家用','送品牌烤箱，五一大促','https://cdn.cnbj1.fds.api.mi-img.com/nr-pub/202207012000_0b9df066c110f201154013ac373df1d9.png','ac3e571d-13ce-4fad-89e8-c92c2eccf536.jpeg,4bb02f1c-62d5-48cc-b358-97b05af5740d.jpeg,36bdb49c-72ae-4185-9297-78829b54b566.jpeg','<p><img alt=\"miaoshu.jpg\" src=\"http://img.springboot.cn/9c5c74e6-6615-4aa0-b1fc-c17a1eff6027.jpg\" width=\"790\" height=\"444\"><br></p><p><img alt=\"miaoshu2.jpg\" src=\"http://img.springboot.cn/31dc1a94-f354-48b8-a170-1a1a6de8751b.jpg\" width=\"790\" height=\"1441\"><img alt=\"miaoshu3.jpg\" src=\"http://img.springboot.cn/7862594b-3063-4b52-b7d4-cea980c604e0.jpg\" width=\"790\" height=\"1442\"><img alt=\"miaoshu4.jpg\" src=\"http://img.springboot.cn/9a650563-dc85-44d6-b174-d6960cfb1d6a.jpg\" width=\"790\" height=\"1441\"><br></p>',3299.00,99,1,'2000-04-13 18:51:54','2022-07-21 14:18:08'),(43,100012,'4+64G送手环/Huawei/华为 nova 手机P9/P10plus青春','NOVA青春版1999元','https://cdn.cnbj1.fds.api.mi-img.com/nr-pub/202207012000_0b9df066c110f201154013ac373df1d9.png','0093f5d3-bdb4-4fb0-bec5-5465dfd26363.jpeg,13da2172-4445-4eb5-a13f-c5d4ede8458c.jpeg,58d5d4b7-58d4-4948-81b6-2bae4f79bf02.jpeg','<p><img alt=\"11TB2fKK3cl0kpuFjSsziXXa.oVXa_!!1777180618.jpg\" src=\"http://img.springboot.cn/5c2d1c6d-9e09-48ce-bbdb-e833b42ff664.jpg\" width=\"790\" height=\"966\"><img alt=\"22TB2YP3AkEhnpuFjSZFpXXcpuXXa_!!1777180618.jpg\" src=\"http://img.springboot.cn/9a10b877-818f-4a27-b6f7-62887f3fb39d.jpg\" width=\"790\" height=\"1344\"><img alt=\"33TB2Yyshk.hnpuFjSZFpXXcpuXXa_!!1777180618.jpg\" src=\"http://img.springboot.cn/7d7fbd69-a3cb-4efe-8765-423bf8276e3e.jpg\" width=\"790\" height=\"700\"><img alt=\"TB2diyziB8kpuFjSspeXXc7IpXa_!!1777180618.jpg\" src=\"http://img.springboot.cn/1d7160d2-9dba-422f-b2a0-e92847ba6ce9.jpg\" width=\"790\" height=\"393\"><br></p>',1999.00,100,1,'2000-04-13 18:57:18','2022-07-21 06:16:02'),(44,100008,'Haier/海尔HJ100-1HU1 10公斤滚筒洗衣机全自动带烘干家用大容量 洗烘一体','门店机型 德邦送货','https://cdn.cnbj1.fds.api.mi-img.com/nr-pub/202207012000_0b9df066c110f201154013ac373df1d9.png','173335a4-5dce-4afd-9f18-a10623724c4e.jpeg,42b1b8bc-27c7-4ee1-80ab-753d216a1d49.jpeg,2f1b3de1-1eb1-4c18-8ca2-518934931bec.jpeg','<p><img alt=\"1TB2WLZrcIaK.eBjSspjXXXL.XXa_!!2114960396.jpg\" src=\"http://img.springboot.cn/ffcce953-81bd-463c-acd1-d690b263d6df.jpg\" width=\"790\" height=\"920\"><img alt=\"2TB2zhOFbZCO.eBjSZFzXXaRiVXa_!!2114960396.jpg\" src=\"http://img.springboot.cn/58a7bd25-c3e7-4248-9dba-158ef2a90e70.jpg\" width=\"790\" height=\"1052\"><img alt=\"3TB27mCtb7WM.eBjSZFhXXbdWpXa_!!2114960396.jpg\" src=\"http://img.springboot.cn/2edbe9b3-28be-4a8b-a9c3-82e40703f22f.jpg\" width=\"790\" height=\"820\"><br></p>',4299.00,100,1,'2000-04-13 19:07:47','2022-07-21 14:18:08'),(52,100002,'Apple iPhone 7 Plus (A1661) 128G 玫瑰金色 移动联通电信4G手机','iPhone 7，现更以红色呈现。','https://cdn.cnbj1.fds.api.mi-img.com/nr-pub/202207012000_0b9df066c110f201154013ac373df1d9.png','241997c4-9e62-4824-b7f0-7425c3c28917.jpeg,b6c56eb0-1748-49a9-98dc-bcc4b9788a54.jpeg,92f17532-1527-4563-aa1d-ed01baa0f7b2.jpeg,3adbe4f7-e374-4533-aa79-cc4a98c529bf.jpeg','<p><img alt=\"10000.jpg\" src=\"http://img.springboot.cn/00bce8d4-e9af-4c8d-b205-e6c75c7e252b.jpg\" width=\"790\" height=\"553\"><br></p><p><img alt=\"20000.jpg\" src=\"http://img.springboot.cn/4a70b4b4-01ee-46af-9468-31e67d0995b8.jpg\" width=\"790\" height=\"525\"><br></p><p><img alt=\"30000.jpg\" src=\"http://img.springboot.cn/0570e033-12d7-49b2-88f3-7a5d84157223.jpg\" width=\"790\" height=\"365\"><br></p><p><img alt=\"40000.jpg\" src=\"http://img.springboot.cn/50515c02-3255-44b9-a829-9e141a28c08a.jpg\" width=\"790\" height=\"525\"><br></p><p><img alt=\"50000.jpg\" src=\"http://img.springboot.cn/c138fc56-5843-4287-a029-91cf3732d034.jpg\" width=\"790\" height=\"525\"><br></p><p><img alt=\"60000.jpg\" src=\"http://img.springboot.cn/c92d1f8a-9827-453f-9d37-b10a3287e894.jpg\" width=\"790\" height=\"525\"><br></p><p><br></p><p><img alt=\"TB24p51hgFkpuFjSspnXXb4qFXa-1776456424.jpg\" src=\"http://img.springboot.cn/bb1511fc-3483-471f-80e5-c7c81fa5e1dd.jpg\" width=\"790\" height=\"375\"><br></p><p><br></p><p><img alt=\"shouhou.jpg\" src=\"http://img.springboot.cn/698e6fbe-97ea-478b-8170-008ad24030f7.jpg\" width=\"750\" height=\"150\"><br></p><p><img alt=\"999.jpg\" src=\"http://img.springboot.cn/ee276fe6-5d79-45aa-8393-ba1d210f9c89.jpg\" width=\"790\" height=\"351\"><br></p>',6999.00,91,1,'2000-04-13 21:45:41','2022-07-21 14:18:08'),(53,100006,'Midea/美的 BCD-535WKZM(E)冰箱双开门对开门风冷无霜智能电家用','送品牌烤箱，五一大促','https://cdn.cnbj1.fds.api.mi-img.com/nr-pub/202207012000_0b9df066c110f201154013ac373df1d9.png','ac3e571d-13ce-4fad-89e8-c92c2eccf536.jpeg,4bb02f1c-62d5-48cc-b358-97b05af5740d.jpeg,36bdb49c-72ae-4185-9297-78829b54b566.jpeg','<p><img alt=\"miaoshu.jpg\" src=\"http://img.springboot.cn/9c5c74e6-6615-4aa0-b1fc-c17a1eff6027.jpg\" width=\"790\" height=\"444\"><br></p><p><img alt=\"miaoshu2.jpg\" src=\"http://img.springboot.cn/31dc1a94-f354-48b8-a170-1a1a6de8751b.jpg\" width=\"790\" height=\"1441\"><img alt=\"miaoshu3.jpg\" src=\"http://img.springboot.cn/7862594b-3063-4b52-b7d4-cea980c604e0.jpg\" width=\"790\" height=\"1442\"><img alt=\"miaoshu4.jpg\" src=\"http://img.springboot.cn/9a650563-dc85-44d6-b174-d6960cfb1d6a.jpg\" width=\"790\" height=\"1441\"><br></p>',3299.00,99,1,'2000-04-13 18:51:54','2022-07-21 14:18:08'),(54,100012,'4+64G送手环/Huawei/华为 nova 手机P9/P10plus青春','NOVA青春版1999元','https://cdn.cnbj1.fds.api.mi-img.com/nr-pub/202207012000_0b9df066c110f201154013ac373df1d9.png','0093f5d3-bdb4-4fb0-bec5-5465dfd26363.jpeg,13da2172-4445-4eb5-a13f-c5d4ede8458c.jpeg,58d5d4b7-58d4-4948-81b6-2bae4f79bf02.jpeg','<p><img alt=\"11TB2fKK3cl0kpuFjSsziXXa.oVXa_!!1777180618.jpg\" src=\"http://img.springboot.cn/5c2d1c6d-9e09-48ce-bbdb-e833b42ff664.jpg\" width=\"790\" height=\"966\"><img alt=\"22TB2YP3AkEhnpuFjSZFpXXcpuXXa_!!1777180618.jpg\" src=\"http://img.springboot.cn/9a10b877-818f-4a27-b6f7-62887f3fb39d.jpg\" width=\"790\" height=\"1344\"><img alt=\"33TB2Yyshk.hnpuFjSZFpXXcpuXXa_!!1777180618.jpg\" src=\"http://img.springboot.cn/7d7fbd69-a3cb-4efe-8765-423bf8276e3e.jpg\" width=\"790\" height=\"700\"><img alt=\"TB2diyziB8kpuFjSspeXXc7IpXa_!!1777180618.jpg\" src=\"http://img.springboot.cn/1d7160d2-9dba-422f-b2a0-e92847ba6ce9.jpg\" width=\"790\" height=\"393\"><br></p>',1999.00,100,1,'2000-04-13 18:57:18','2022-07-21 06:16:02'),(55,100008,'Haier/海尔HJ100-1HU1 10公斤滚筒洗衣机全自动带烘干家用大容量 洗烘一体','门店机型 德邦送货','https://cdn.cnbj1.fds.api.mi-img.com/nr-pub/202207012000_0b9df066c110f201154013ac373df1d9.png','173335a4-5dce-4afd-9f18-a10623724c4e.jpeg,42b1b8bc-27c7-4ee1-80ab-753d216a1d49.jpeg,2f1b3de1-1eb1-4c18-8ca2-518934931bec.jpeg','<p><img alt=\"1TB2WLZrcIaK.eBjSspjXXXL.XXa_!!2114960396.jpg\" src=\"http://img.springboot.cn/ffcce953-81bd-463c-acd1-d690b263d6df.jpg\" width=\"790\" height=\"920\"><img alt=\"2TB2zhOFbZCO.eBjSZFzXXaRiVXa_!!2114960396.jpg\" src=\"http://img.springboot.cn/58a7bd25-c3e7-4248-9dba-158ef2a90e70.jpg\" width=\"790\" height=\"1052\"><img alt=\"3TB27mCtb7WM.eBjSZFhXXbdWpXa_!!2114960396.jpg\" src=\"http://img.springboot.cn/2edbe9b3-28be-4a8b-a9c3-82e40703f22f.jpg\" width=\"790\" height=\"820\"><br></p>',4299.00,100,1,'2000-04-13 19:07:47','2022-07-21 14:18:08'),(56,100002,'Apple iPhone 7 Plus (A1661) 128G 玫瑰金色 移动联通电信4G手机','iPhone 7，现更以红色呈现。','https://cdn.cnbj1.fds.api.mi-img.com/nr-pub/202207012000_0b9df066c110f201154013ac373df1d9.png','241997c4-9e62-4824-b7f0-7425c3c28917.jpeg,b6c56eb0-1748-49a9-98dc-bcc4b9788a54.jpeg,92f17532-1527-4563-aa1d-ed01baa0f7b2.jpeg,3adbe4f7-e374-4533-aa79-cc4a98c529bf.jpeg','<p><img alt=\"10000.jpg\" src=\"http://img.springboot.cn/00bce8d4-e9af-4c8d-b205-e6c75c7e252b.jpg\" width=\"790\" height=\"553\"><br></p><p><img alt=\"20000.jpg\" src=\"http://img.springboot.cn/4a70b4b4-01ee-46af-9468-31e67d0995b8.jpg\" width=\"790\" height=\"525\"><br></p><p><img alt=\"30000.jpg\" src=\"http://img.springboot.cn/0570e033-12d7-49b2-88f3-7a5d84157223.jpg\" width=\"790\" height=\"365\"><br></p><p><img alt=\"40000.jpg\" src=\"http://img.springboot.cn/50515c02-3255-44b9-a829-9e141a28c08a.jpg\" width=\"790\" height=\"525\"><br></p><p><img alt=\"50000.jpg\" src=\"http://img.springboot.cn/c138fc56-5843-4287-a029-91cf3732d034.jpg\" width=\"790\" height=\"525\"><br></p><p><img alt=\"60000.jpg\" src=\"http://img.springboot.cn/c92d1f8a-9827-453f-9d37-b10a3287e894.jpg\" width=\"790\" height=\"525\"><br></p><p><br></p><p><img alt=\"TB24p51hgFkpuFjSspnXXb4qFXa-1776456424.jpg\" src=\"http://img.springboot.cn/bb1511fc-3483-471f-80e5-c7c81fa5e1dd.jpg\" width=\"790\" height=\"375\"><br></p><p><br></p><p><img alt=\"shouhou.jpg\" src=\"http://img.springboot.cn/698e6fbe-97ea-478b-8170-008ad24030f7.jpg\" width=\"750\" height=\"150\"><br></p><p><img alt=\"999.jpg\" src=\"http://img.springboot.cn/ee276fe6-5d79-45aa-8393-ba1d210f9c89.jpg\" width=\"790\" height=\"351\"><br></p>',6999.00,91,1,'2000-04-13 21:45:41','2022-07-21 14:18:08'),(57,100006,'Midea/美的 BCD-535WKZM(E)冰箱双开门对开门风冷无霜智能电家用','送品牌烤箱，五一大促','https://cdn.cnbj1.fds.api.mi-img.com/nr-pub/202207012000_0b9df066c110f201154013ac373df1d9.png','ac3e571d-13ce-4fad-89e8-c92c2eccf536.jpeg,4bb02f1c-62d5-48cc-b358-97b05af5740d.jpeg,36bdb49c-72ae-4185-9297-78829b54b566.jpeg','<p><img alt=\"miaoshu.jpg\" src=\"http://img.springboot.cn/9c5c74e6-6615-4aa0-b1fc-c17a1eff6027.jpg\" width=\"790\" height=\"444\"><br></p><p><img alt=\"miaoshu2.jpg\" src=\"http://img.springboot.cn/31dc1a94-f354-48b8-a170-1a1a6de8751b.jpg\" width=\"790\" height=\"1441\"><img alt=\"miaoshu3.jpg\" src=\"http://img.springboot.cn/7862594b-3063-4b52-b7d4-cea980c604e0.jpg\" width=\"790\" height=\"1442\"><img alt=\"miaoshu4.jpg\" src=\"http://img.springboot.cn/9a650563-dc85-44d6-b174-d6960cfb1d6a.jpg\" width=\"790\" height=\"1441\"><br></p>',3299.00,99,1,'2000-04-13 18:51:54','2022-07-21 14:18:08'),(58,100012,'4+64G送手环/Huawei/华为 nova 手机P9/P10plus青春','NOVA青春版1999元','https://cdn.cnbj1.fds.api.mi-img.com/nr-pub/202207012000_0b9df066c110f201154013ac373df1d9.png','0093f5d3-bdb4-4fb0-bec5-5465dfd26363.jpeg,13da2172-4445-4eb5-a13f-c5d4ede8458c.jpeg,58d5d4b7-58d4-4948-81b6-2bae4f79bf02.jpeg','<p><img alt=\"11TB2fKK3cl0kpuFjSsziXXa.oVXa_!!1777180618.jpg\" src=\"http://img.springboot.cn/5c2d1c6d-9e09-48ce-bbdb-e833b42ff664.jpg\" width=\"790\" height=\"966\"><img alt=\"22TB2YP3AkEhnpuFjSZFpXXcpuXXa_!!1777180618.jpg\" src=\"http://img.springboot.cn/9a10b877-818f-4a27-b6f7-62887f3fb39d.jpg\" width=\"790\" height=\"1344\"><img alt=\"33TB2Yyshk.hnpuFjSZFpXXcpuXXa_!!1777180618.jpg\" src=\"http://img.springboot.cn/7d7fbd69-a3cb-4efe-8765-423bf8276e3e.jpg\" width=\"790\" height=\"700\"><img alt=\"TB2diyziB8kpuFjSspeXXc7IpXa_!!1777180618.jpg\" src=\"http://img.springboot.cn/1d7160d2-9dba-422f-b2a0-e92847ba6ce9.jpg\" width=\"790\" height=\"393\"><br></p>',1999.00,100,1,'2000-04-13 18:57:18','2022-07-21 14:18:08'),(59,100008,'Haier/海尔HJ100-1HU1 10公斤滚筒洗衣机全自动带烘干家用大容量 洗烘一体','门店机型 德邦送货','https://cdn.cnbj1.fds.api.mi-img.com/nr-pub/202207012000_0b9df066c110f201154013ac373df1d9.png','173335a4-5dce-4afd-9f18-a10623724c4e.jpeg,42b1b8bc-27c7-4ee1-80ab-753d216a1d49.jpeg,2f1b3de1-1eb1-4c18-8ca2-518934931bec.jpeg','<p><img alt=\"1TB2WLZrcIaK.eBjSspjXXXL.XXa_!!2114960396.jpg\" src=\"http://img.springboot.cn/ffcce953-81bd-463c-acd1-d690b263d6df.jpg\" width=\"790\" height=\"920\"><img alt=\"2TB2zhOFbZCO.eBjSZFzXXaRiVXa_!!2114960396.jpg\" src=\"http://img.springboot.cn/58a7bd25-c3e7-4248-9dba-158ef2a90e70.jpg\" width=\"790\" height=\"1052\"><img alt=\"3TB27mCtb7WM.eBjSZFhXXbdWpXa_!!2114960396.jpg\" src=\"http://img.springboot.cn/2edbe9b3-28be-4a8b-a9c3-82e40703f22f.jpg\" width=\"790\" height=\"820\"><br></p>',4299.00,100,1,'2000-04-13 19:07:47','2022-07-21 14:18:08'),(60,100002,'Apple iPhone 7 Plus (A1661) 128G 玫瑰金色 移动联通电信4G手机','iPhone 7，现更以红色呈现。','https://cdn.cnbj1.fds.api.mi-img.com/nr-pub/202207012000_0b9df066c110f201154013ac373df1d9.png','241997c4-9e62-4824-b7f0-7425c3c28917.jpeg,b6c56eb0-1748-49a9-98dc-bcc4b9788a54.jpeg,92f17532-1527-4563-aa1d-ed01baa0f7b2.jpeg,3adbe4f7-e374-4533-aa79-cc4a98c529bf.jpeg','<p><img alt=\"10000.jpg\" src=\"http://img.springboot.cn/00bce8d4-e9af-4c8d-b205-e6c75c7e252b.jpg\" width=\"790\" height=\"553\"><br></p><p><img alt=\"20000.jpg\" src=\"http://img.springboot.cn/4a70b4b4-01ee-46af-9468-31e67d0995b8.jpg\" width=\"790\" height=\"525\"><br></p><p><img alt=\"30000.jpg\" src=\"http://img.springboot.cn/0570e033-12d7-49b2-88f3-7a5d84157223.jpg\" width=\"790\" height=\"365\"><br></p><p><img alt=\"40000.jpg\" src=\"http://img.springboot.cn/50515c02-3255-44b9-a829-9e141a28c08a.jpg\" width=\"790\" height=\"525\"><br></p><p><img alt=\"50000.jpg\" src=\"http://img.springboot.cn/c138fc56-5843-4287-a029-91cf3732d034.jpg\" width=\"790\" height=\"525\"><br></p><p><img alt=\"60000.jpg\" src=\"http://img.springboot.cn/c92d1f8a-9827-453f-9d37-b10a3287e894.jpg\" width=\"790\" height=\"525\"><br></p><p><br></p><p><img alt=\"TB24p51hgFkpuFjSspnXXb4qFXa-1776456424.jpg\" src=\"http://img.springboot.cn/bb1511fc-3483-471f-80e5-c7c81fa5e1dd.jpg\" width=\"790\" height=\"375\"><br></p><p><br></p><p><img alt=\"shouhou.jpg\" src=\"http://img.springboot.cn/698e6fbe-97ea-478b-8170-008ad24030f7.jpg\" width=\"750\" height=\"150\"><br></p><p><img alt=\"999.jpg\" src=\"http://img.springboot.cn/ee276fe6-5d79-45aa-8393-ba1d210f9c89.jpg\" width=\"790\" height=\"351\"><br></p>',6999.00,91,1,'2000-04-13 21:45:41','2022-07-21 14:18:08'),(61,100006,'Midea/美的 BCD-535WKZM(E)冰箱双开门对开门风冷无霜智能电家用','送品牌烤箱，五一大促','https://cdn.cnbj1.fds.api.mi-img.com/nr-pub/202207012000_0b9df066c110f201154013ac373df1d9.png','ac3e571d-13ce-4fad-89e8-c92c2eccf536.jpeg,4bb02f1c-62d5-48cc-b358-97b05af5740d.jpeg,36bdb49c-72ae-4185-9297-78829b54b566.jpeg','<p><img alt=\"miaoshu.jpg\" src=\"http://img.springboot.cn/9c5c74e6-6615-4aa0-b1fc-c17a1eff6027.jpg\" width=\"790\" height=\"444\"><br></p><p><img alt=\"miaoshu2.jpg\" src=\"http://img.springboot.cn/31dc1a94-f354-48b8-a170-1a1a6de8751b.jpg\" width=\"790\" height=\"1441\"><img alt=\"miaoshu3.jpg\" src=\"http://img.springboot.cn/7862594b-3063-4b52-b7d4-cea980c604e0.jpg\" width=\"790\" height=\"1442\"><img alt=\"miaoshu4.jpg\" src=\"http://img.springboot.cn/9a650563-dc85-44d6-b174-d6960cfb1d6a.jpg\" width=\"790\" height=\"1441\"><br></p>',3299.00,99,1,'2000-04-13 18:51:54','2022-07-21 14:18:08'),(62,100012,'4+64G送手环/Huawei/华为 nova 手机P9/P10plus青春','NOVA青春版1999元','https://cdn.cnbj1.fds.api.mi-img.com/nr-pub/202207012000_0b9df066c110f201154013ac373df1d9.png','0093f5d3-bdb4-4fb0-bec5-5465dfd26363.jpeg,13da2172-4445-4eb5-a13f-c5d4ede8458c.jpeg,58d5d4b7-58d4-4948-81b6-2bae4f79bf02.jpeg','<p><img alt=\"11TB2fKK3cl0kpuFjSsziXXa.oVXa_!!1777180618.jpg\" src=\"http://img.springboot.cn/5c2d1c6d-9e09-48ce-bbdb-e833b42ff664.jpg\" width=\"790\" height=\"966\"><img alt=\"22TB2YP3AkEhnpuFjSZFpXXcpuXXa_!!1777180618.jpg\" src=\"http://img.springboot.cn/9a10b877-818f-4a27-b6f7-62887f3fb39d.jpg\" width=\"790\" height=\"1344\"><img alt=\"33TB2Yyshk.hnpuFjSZFpXXcpuXXa_!!1777180618.jpg\" src=\"http://img.springboot.cn/7d7fbd69-a3cb-4efe-8765-423bf8276e3e.jpg\" width=\"790\" height=\"700\"><img alt=\"TB2diyziB8kpuFjSspeXXc7IpXa_!!1777180618.jpg\" src=\"http://img.springboot.cn/1d7160d2-9dba-422f-b2a0-e92847ba6ce9.jpg\" width=\"790\" height=\"393\"><br></p>',1999.00,97,1,'2000-04-13 18:57:18','2022-07-21 06:16:02'),(63,100008,'Haier/海尔HJ100-1HU1 10公斤滚筒洗衣机全自动带烘干家用大容量 洗烘一体','门店机型 德邦送货','https://cdn.cnbj1.fds.api.mi-img.com/nr-pub/202207012000_0b9df066c110f201154013ac373df1d9.png','173335a4-5dce-4afd-9f18-a10623724c4e.jpeg,42b1b8bc-27c7-4ee1-80ab-753d216a1d49.jpeg,2f1b3de1-1eb1-4c18-8ca2-518934931bec.jpeg','<p><img alt=\"1TB2WLZrcIaK.eBjSspjXXXL.XXa_!!2114960396.jpg\" src=\"http://img.springboot.cn/ffcce953-81bd-463c-acd1-d690b263d6df.jpg\" width=\"790\" height=\"920\"><img alt=\"2TB2zhOFbZCO.eBjSZFzXXaRiVXa_!!2114960396.jpg\" src=\"http://img.springboot.cn/58a7bd25-c3e7-4248-9dba-158ef2a90e70.jpg\" width=\"790\" height=\"1052\"><img alt=\"3TB27mCtb7WM.eBjSZFhXXbdWpXa_!!2114960396.jpg\" src=\"http://img.springboot.cn/2edbe9b3-28be-4a8b-a9c3-82e40703f22f.jpg\" width=\"790\" height=\"820\"><br></p>',4299.00,100,1,'2000-04-13 19:07:47','2022-07-21 14:18:08'),(64,100002,'Apple iPhone 7 Plus (A1661) 128G 玫瑰金色 移动联通电信4G手机','iPhone 7，现更以红色呈现。','https://cdn.cnbj1.fds.api.mi-img.com/nr-pub/202207012000_0b9df066c110f201154013ac373df1d9.png','241997c4-9e62-4824-b7f0-7425c3c28917.jpeg,b6c56eb0-1748-49a9-98dc-bcc4b9788a54.jpeg,92f17532-1527-4563-aa1d-ed01baa0f7b2.jpeg,3adbe4f7-e374-4533-aa79-cc4a98c529bf.jpeg','<p><img alt=\"10000.jpg\" src=\"http://img.springboot.cn/00bce8d4-e9af-4c8d-b205-e6c75c7e252b.jpg\" width=\"790\" height=\"553\"><br></p><p><img alt=\"20000.jpg\" src=\"http://img.springboot.cn/4a70b4b4-01ee-46af-9468-31e67d0995b8.jpg\" width=\"790\" height=\"525\"><br></p><p><img alt=\"30000.jpg\" src=\"http://img.springboot.cn/0570e033-12d7-49b2-88f3-7a5d84157223.jpg\" width=\"790\" height=\"365\"><br></p><p><img alt=\"40000.jpg\" src=\"http://img.springboot.cn/50515c02-3255-44b9-a829-9e141a28c08a.jpg\" width=\"790\" height=\"525\"><br></p><p><img alt=\"50000.jpg\" src=\"http://img.springboot.cn/c138fc56-5843-4287-a029-91cf3732d034.jpg\" width=\"790\" height=\"525\"><br></p><p><img alt=\"60000.jpg\" src=\"http://img.springboot.cn/c92d1f8a-9827-453f-9d37-b10a3287e894.jpg\" width=\"790\" height=\"525\"><br></p><p><br></p><p><img alt=\"TB24p51hgFkpuFjSspnXXb4qFXa-1776456424.jpg\" src=\"http://img.springboot.cn/bb1511fc-3483-471f-80e5-c7c81fa5e1dd.jpg\" width=\"790\" height=\"375\"><br></p><p><br></p><p><img alt=\"shouhou.jpg\" src=\"http://img.springboot.cn/698e6fbe-97ea-478b-8170-008ad24030f7.jpg\" width=\"750\" height=\"150\"><br></p><p><img alt=\"999.jpg\" src=\"http://img.springboot.cn/ee276fe6-5d79-45aa-8393-ba1d210f9c89.jpg\" width=\"790\" height=\"351\"><br></p>',6999.00,91,1,'2000-04-13 21:45:41','2022-07-21 14:18:08'),(65,100006,'Midea/美的 BCD-535WKZM(E)冰箱双开门对开门风冷无霜智能电家用','送品牌烤箱，五一大促','https://cdn.cnbj1.fds.api.mi-img.com/nr-pub/202207012000_0b9df066c110f201154013ac373df1d9.png','ac3e571d-13ce-4fad-89e8-c92c2eccf536.jpeg,4bb02f1c-62d5-48cc-b358-97b05af5740d.jpeg,36bdb49c-72ae-4185-9297-78829b54b566.jpeg','<p><img alt=\"miaoshu.jpg\" src=\"http://img.springboot.cn/9c5c74e6-6615-4aa0-b1fc-c17a1eff6027.jpg\" width=\"790\" height=\"444\"><br></p><p><img alt=\"miaoshu2.jpg\" src=\"http://img.springboot.cn/31dc1a94-f354-48b8-a170-1a1a6de8751b.jpg\" width=\"790\" height=\"1441\"><img alt=\"miaoshu3.jpg\" src=\"http://img.springboot.cn/7862594b-3063-4b52-b7d4-cea980c604e0.jpg\" width=\"790\" height=\"1442\"><img alt=\"miaoshu4.jpg\" src=\"http://img.springboot.cn/9a650563-dc85-44d6-b174-d6960cfb1d6a.jpg\" width=\"790\" height=\"1441\"><br></p>',3299.00,99,1,'2000-04-13 18:51:54','2022-07-21 14:18:08'),(66,100012,'4+64G送手环/Huawei/华为 nova 手机P9/P10plus青春','NOVA青春版1999元','https://cdn.cnbj1.fds.api.mi-img.com/nr-pub/202207012000_0b9df066c110f201154013ac373df1d9.png','0093f5d3-bdb4-4fb0-bec5-5465dfd26363.jpeg,13da2172-4445-4eb5-a13f-c5d4ede8458c.jpeg,58d5d4b7-58d4-4948-81b6-2bae4f79bf02.jpeg','<p><img alt=\"11TB2fKK3cl0kpuFjSsziXXa.oVXa_!!1777180618.jpg\" src=\"http://img.springboot.cn/5c2d1c6d-9e09-48ce-bbdb-e833b42ff664.jpg\" width=\"790\" height=\"966\"><img alt=\"22TB2YP3AkEhnpuFjSZFpXXcpuXXa_!!1777180618.jpg\" src=\"http://img.springboot.cn/9a10b877-818f-4a27-b6f7-62887f3fb39d.jpg\" width=\"790\" height=\"1344\"><img alt=\"33TB2Yyshk.hnpuFjSZFpXXcpuXXa_!!1777180618.jpg\" src=\"http://img.springboot.cn/7d7fbd69-a3cb-4efe-8765-423bf8276e3e.jpg\" width=\"790\" height=\"700\"><img alt=\"TB2diyziB8kpuFjSspeXXc7IpXa_!!1777180618.jpg\" src=\"http://img.springboot.cn/1d7160d2-9dba-422f-b2a0-e92847ba6ce9.jpg\" width=\"790\" height=\"393\"><br></p>',1999.00,100,1,'2000-04-13 18:57:18','2022-07-21 06:16:16'),(67,100008,'Haier/海尔HJ100-1HU1 10公斤滚筒洗衣机全自动带烘干家用大容量 洗烘一体','门店机型 德邦送货','https://cdn.cnbj1.fds.api.mi-img.com/nr-pub/202207012000_0b9df066c110f201154013ac373df1d9.png','173335a4-5dce-4afd-9f18-a10623724c4e.jpeg,42b1b8bc-27c7-4ee1-80ab-753d216a1d49.jpeg,2f1b3de1-1eb1-4c18-8ca2-518934931bec.jpeg','<p><img alt=\"1TB2WLZrcIaK.eBjSspjXXXL.XXa_!!2114960396.jpg\" src=\"http://img.springboot.cn/ffcce953-81bd-463c-acd1-d690b263d6df.jpg\" width=\"790\" height=\"920\"><img alt=\"2TB2zhOFbZCO.eBjSZFzXXaRiVXa_!!2114960396.jpg\" src=\"http://img.springboot.cn/58a7bd25-c3e7-4248-9dba-158ef2a90e70.jpg\" width=\"790\" height=\"1052\"><img alt=\"3TB27mCtb7WM.eBjSZFhXXbdWpXa_!!2114960396.jpg\" src=\"http://img.springboot.cn/2edbe9b3-28be-4a8b-a9c3-82e40703f22f.jpg\" width=\"790\" height=\"820\"><br></p>',4299.00,100,1,'2000-04-13 19:07:47','2022-07-21 14:18:08'),(83,100002,'Apple iPhone 7 Plus (A1661) 128G 玫瑰金色 移动联通电信4G手机','iPhone 7，现更以红色呈现。','https://cdn.cnbj1.fds.api.mi-img.com/nr-pub/202207012000_0b9df066c110f201154013ac373df1d9.png','241997c4-9e62-4824-b7f0-7425c3c28917.jpeg,b6c56eb0-1748-49a9-98dc-bcc4b9788a54.jpeg,92f17532-1527-4563-aa1d-ed01baa0f7b2.jpeg,3adbe4f7-e374-4533-aa79-cc4a98c529bf.jpeg','<p><img alt=\"10000.jpg\" src=\"http://img.springboot.cn/00bce8d4-e9af-4c8d-b205-e6c75c7e252b.jpg\" width=\"790\" height=\"553\"><br></p><p><img alt=\"20000.jpg\" src=\"http://img.springboot.cn/4a70b4b4-01ee-46af-9468-31e67d0995b8.jpg\" width=\"790\" height=\"525\"><br></p><p><img alt=\"30000.jpg\" src=\"http://img.springboot.cn/0570e033-12d7-49b2-88f3-7a5d84157223.jpg\" width=\"790\" height=\"365\"><br></p><p><img alt=\"40000.jpg\" src=\"http://img.springboot.cn/50515c02-3255-44b9-a829-9e141a28c08a.jpg\" width=\"790\" height=\"525\"><br></p><p><img alt=\"50000.jpg\" src=\"http://img.springboot.cn/c138fc56-5843-4287-a029-91cf3732d034.jpg\" width=\"790\" height=\"525\"><br></p><p><img alt=\"60000.jpg\" src=\"http://img.springboot.cn/c92d1f8a-9827-453f-9d37-b10a3287e894.jpg\" width=\"790\" height=\"525\"><br></p><p><br></p><p><img alt=\"TB24p51hgFkpuFjSspnXXb4qFXa-1776456424.jpg\" src=\"http://img.springboot.cn/bb1511fc-3483-471f-80e5-c7c81fa5e1dd.jpg\" width=\"790\" height=\"375\"><br></p><p><br></p><p><img alt=\"shouhou.jpg\" src=\"http://img.springboot.cn/698e6fbe-97ea-478b-8170-008ad24030f7.jpg\" width=\"750\" height=\"150\"><br></p><p><img alt=\"999.jpg\" src=\"http://img.springboot.cn/ee276fe6-5d79-45aa-8393-ba1d210f9c89.jpg\" width=\"790\" height=\"351\"><br></p>',6999.00,91,1,'2000-04-13 21:45:41','2022-07-21 14:18:08'),(84,100006,'Midea/美的 BCD-535WKZM(E)冰箱双开门对开门风冷无霜智能电家用','送品牌烤箱，五一大促','https://cdn.cnbj1.fds.api.mi-img.com/nr-pub/202207012000_0b9df066c110f201154013ac373df1d9.png','ac3e571d-13ce-4fad-89e8-c92c2eccf536.jpeg,4bb02f1c-62d5-48cc-b358-97b05af5740d.jpeg,36bdb49c-72ae-4185-9297-78829b54b566.jpeg','<p><img alt=\"miaoshu.jpg\" src=\"http://img.springboot.cn/9c5c74e6-6615-4aa0-b1fc-c17a1eff6027.jpg\" width=\"790\" height=\"444\"><br></p><p><img alt=\"miaoshu2.jpg\" src=\"http://img.springboot.cn/31dc1a94-f354-48b8-a170-1a1a6de8751b.jpg\" width=\"790\" height=\"1441\"><img alt=\"miaoshu3.jpg\" src=\"http://img.springboot.cn/7862594b-3063-4b52-b7d4-cea980c604e0.jpg\" width=\"790\" height=\"1442\"><img alt=\"miaoshu4.jpg\" src=\"http://img.springboot.cn/9a650563-dc85-44d6-b174-d6960cfb1d6a.jpg\" width=\"790\" height=\"1441\"><br></p>',3299.00,99,1,'2000-04-13 18:51:54','2022-07-21 14:18:08'),(85,100012,'4+64G送手环/Huawei/华为 nova 手机P9/P10plus青春','NOVA青春版1999元','https://cdn.cnbj1.fds.api.mi-img.com/nr-pub/202207012000_0b9df066c110f201154013ac373df1d9.png','0093f5d3-bdb4-4fb0-bec5-5465dfd26363.jpeg,13da2172-4445-4eb5-a13f-c5d4ede8458c.jpeg,58d5d4b7-58d4-4948-81b6-2bae4f79bf02.jpeg','<p><img alt=\"11TB2fKK3cl0kpuFjSsziXXa.oVXa_!!1777180618.jpg\" src=\"http://img.springboot.cn/5c2d1c6d-9e09-48ce-bbdb-e833b42ff664.jpg\" width=\"790\" height=\"966\"><img alt=\"22TB2YP3AkEhnpuFjSZFpXXcpuXXa_!!1777180618.jpg\" src=\"http://img.springboot.cn/9a10b877-818f-4a27-b6f7-62887f3fb39d.jpg\" width=\"790\" height=\"1344\"><img alt=\"33TB2Yyshk.hnpuFjSZFpXXcpuXXa_!!1777180618.jpg\" src=\"http://img.springboot.cn/7d7fbd69-a3cb-4efe-8765-423bf8276e3e.jpg\" width=\"790\" height=\"700\"><img alt=\"TB2diyziB8kpuFjSspeXXc7IpXa_!!1777180618.jpg\" src=\"http://img.springboot.cn/1d7160d2-9dba-422f-b2a0-e92847ba6ce9.jpg\" width=\"790\" height=\"393\"><br></p>',1999.00,100,1,'2000-04-13 18:57:18','2022-07-21 14:18:08'),(86,100008,'Haier/海尔HJ100-1HU1 10公斤滚筒洗衣机全自动带烘干家用大容量 洗烘一体','门店机型 德邦送货','https://cdn.cnbj1.fds.api.mi-img.com/nr-pub/202207012000_0b9df066c110f201154013ac373df1d9.png','173335a4-5dce-4afd-9f18-a10623724c4e.jpeg,42b1b8bc-27c7-4ee1-80ab-753d216a1d49.jpeg,2f1b3de1-1eb1-4c18-8ca2-518934931bec.jpeg','<p><img alt=\"1TB2WLZrcIaK.eBjSspjXXXL.XXa_!!2114960396.jpg\" src=\"http://img.springboot.cn/ffcce953-81bd-463c-acd1-d690b263d6df.jpg\" width=\"790\" height=\"920\"><img alt=\"2TB2zhOFbZCO.eBjSZFzXXaRiVXa_!!2114960396.jpg\" src=\"http://img.springboot.cn/58a7bd25-c3e7-4248-9dba-158ef2a90e70.jpg\" width=\"790\" height=\"1052\"><img alt=\"3TB27mCtb7WM.eBjSZFhXXbdWpXa_!!2114960396.jpg\" src=\"http://img.springboot.cn/2edbe9b3-28be-4a8b-a9c3-82e40703f22f.jpg\" width=\"790\" height=\"820\"><br></p>',4299.00,100,1,'2000-04-13 19:07:47','2022-07-21 14:18:08'),(87,100002,'Apple iPhone 7 Plus (A1661) 128G 玫瑰金色 移动联通电信4G手机','iPhone 7，现更以红色呈现。','https://cdn.cnbj1.fds.api.mi-img.com/nr-pub/202207012000_0b9df066c110f201154013ac373df1d9.png','241997c4-9e62-4824-b7f0-7425c3c28917.jpeg,b6c56eb0-1748-49a9-98dc-bcc4b9788a54.jpeg,92f17532-1527-4563-aa1d-ed01baa0f7b2.jpeg,3adbe4f7-e374-4533-aa79-cc4a98c529bf.jpeg','<p><img alt=\"10000.jpg\" src=\"http://img.springboot.cn/00bce8d4-e9af-4c8d-b205-e6c75c7e252b.jpg\" width=\"790\" height=\"553\"><br></p><p><img alt=\"20000.jpg\" src=\"http://img.springboot.cn/4a70b4b4-01ee-46af-9468-31e67d0995b8.jpg\" width=\"790\" height=\"525\"><br></p><p><img alt=\"30000.jpg\" src=\"http://img.springboot.cn/0570e033-12d7-49b2-88f3-7a5d84157223.jpg\" width=\"790\" height=\"365\"><br></p><p><img alt=\"40000.jpg\" src=\"http://img.springboot.cn/50515c02-3255-44b9-a829-9e141a28c08a.jpg\" width=\"790\" height=\"525\"><br></p><p><img alt=\"50000.jpg\" src=\"http://img.springboot.cn/c138fc56-5843-4287-a029-91cf3732d034.jpg\" width=\"790\" height=\"525\"><br></p><p><img alt=\"60000.jpg\" src=\"http://img.springboot.cn/c92d1f8a-9827-453f-9d37-b10a3287e894.jpg\" width=\"790\" height=\"525\"><br></p><p><br></p><p><img alt=\"TB24p51hgFkpuFjSspnXXb4qFXa-1776456424.jpg\" src=\"http://img.springboot.cn/bb1511fc-3483-471f-80e5-c7c81fa5e1dd.jpg\" width=\"790\" height=\"375\"><br></p><p><br></p><p><img alt=\"shouhou.jpg\" src=\"http://img.springboot.cn/698e6fbe-97ea-478b-8170-008ad24030f7.jpg\" width=\"750\" height=\"150\"><br></p><p><img alt=\"999.jpg\" src=\"http://img.springboot.cn/ee276fe6-5d79-45aa-8393-ba1d210f9c89.jpg\" width=\"790\" height=\"351\"><br></p>',6999.00,91,1,'2000-04-13 21:45:41','2022-07-21 14:18:08'),(88,100006,'Midea/美的 BCD-535WKZM(E)冰箱双开门对开门风冷无霜智能电家用','送品牌烤箱，五一大促','https://cdn.cnbj1.fds.api.mi-img.com/nr-pub/202207012000_0b9df066c110f201154013ac373df1d9.png','ac3e571d-13ce-4fad-89e8-c92c2eccf536.jpeg,4bb02f1c-62d5-48cc-b358-97b05af5740d.jpeg,36bdb49c-72ae-4185-9297-78829b54b566.jpeg','<p><img alt=\"miaoshu.jpg\" src=\"http://img.springboot.cn/9c5c74e6-6615-4aa0-b1fc-c17a1eff6027.jpg\" width=\"790\" height=\"444\"><br></p><p><img alt=\"miaoshu2.jpg\" src=\"http://img.springboot.cn/31dc1a94-f354-48b8-a170-1a1a6de8751b.jpg\" width=\"790\" height=\"1441\"><img alt=\"miaoshu3.jpg\" src=\"http://img.springboot.cn/7862594b-3063-4b52-b7d4-cea980c604e0.jpg\" width=\"790\" height=\"1442\"><img alt=\"miaoshu4.jpg\" src=\"http://img.springboot.cn/9a650563-dc85-44d6-b174-d6960cfb1d6a.jpg\" width=\"790\" height=\"1441\"><br></p>',3299.00,99,1,'2000-04-13 18:51:54','2022-07-21 14:18:08'),(89,100012,'4+64G送手环/Huawei/华为 nova 手机P9/P10plus青春','NOVA青春版1999元','https://cdn.cnbj1.fds.api.mi-img.com/nr-pub/202207012000_0b9df066c110f201154013ac373df1d9.png','0093f5d3-bdb4-4fb0-bec5-5465dfd26363.jpeg,13da2172-4445-4eb5-a13f-c5d4ede8458c.jpeg,58d5d4b7-58d4-4948-81b6-2bae4f79bf02.jpeg','<p><img alt=\"11TB2fKK3cl0kpuFjSsziXXa.oVXa_!!1777180618.jpg\" src=\"http://img.springboot.cn/5c2d1c6d-9e09-48ce-bbdb-e833b42ff664.jpg\" width=\"790\" height=\"966\"><img alt=\"22TB2YP3AkEhnpuFjSZFpXXcpuXXa_!!1777180618.jpg\" src=\"http://img.springboot.cn/9a10b877-818f-4a27-b6f7-62887f3fb39d.jpg\" width=\"790\" height=\"1344\"><img alt=\"33TB2Yyshk.hnpuFjSZFpXXcpuXXa_!!1777180618.jpg\" src=\"http://img.springboot.cn/7d7fbd69-a3cb-4efe-8765-423bf8276e3e.jpg\" width=\"790\" height=\"700\"><img alt=\"TB2diyziB8kpuFjSspeXXc7IpXa_!!1777180618.jpg\" src=\"http://img.springboot.cn/1d7160d2-9dba-422f-b2a0-e92847ba6ce9.jpg\" width=\"790\" height=\"393\"><br></p>',1999.00,100,1,'2000-04-13 18:57:18','2022-07-21 14:18:08'),(90,100008,'Haier/海尔HJ100-1HU1 10公斤滚筒洗衣机全自动带烘干家用大容量 洗烘一体','门店机型 德邦送货','https://cdn.cnbj1.fds.api.mi-img.com/nr-pub/202207012000_0b9df066c110f201154013ac373df1d9.png','173335a4-5dce-4afd-9f18-a10623724c4e.jpeg,42b1b8bc-27c7-4ee1-80ab-753d216a1d49.jpeg,2f1b3de1-1eb1-4c18-8ca2-518934931bec.jpeg','<p><img alt=\"1TB2WLZrcIaK.eBjSspjXXXL.XXa_!!2114960396.jpg\" src=\"http://img.springboot.cn/ffcce953-81bd-463c-acd1-d690b263d6df.jpg\" width=\"790\" height=\"920\"><img alt=\"2TB2zhOFbZCO.eBjSZFzXXaRiVXa_!!2114960396.jpg\" src=\"http://img.springboot.cn/58a7bd25-c3e7-4248-9dba-158ef2a90e70.jpg\" width=\"790\" height=\"1052\"><img alt=\"3TB27mCtb7WM.eBjSZFhXXbdWpXa_!!2114960396.jpg\" src=\"http://img.springboot.cn/2edbe9b3-28be-4a8b-a9c3-82e40703f22f.jpg\" width=\"790\" height=\"820\"><br></p>',4299.00,100,1,'2000-04-13 19:07:47','2022-07-21 14:18:08'),(91,100002,'Apple iPhone 7 Plus (A1661) 128G 玫瑰金色 移动联通电信4G手机','iPhone 7，现更以红色呈现。','https://cdn.cnbj1.fds.api.mi-img.com/nr-pub/202207012000_0b9df066c110f201154013ac373df1d9.png','241997c4-9e62-4824-b7f0-7425c3c28917.jpeg,b6c56eb0-1748-49a9-98dc-bcc4b9788a54.jpeg,92f17532-1527-4563-aa1d-ed01baa0f7b2.jpeg,3adbe4f7-e374-4533-aa79-cc4a98c529bf.jpeg','<p><img alt=\"10000.jpg\" src=\"http://img.springboot.cn/00bce8d4-e9af-4c8d-b205-e6c75c7e252b.jpg\" width=\"790\" height=\"553\"><br></p><p><img alt=\"20000.jpg\" src=\"http://img.springboot.cn/4a70b4b4-01ee-46af-9468-31e67d0995b8.jpg\" width=\"790\" height=\"525\"><br></p><p><img alt=\"30000.jpg\" src=\"http://img.springboot.cn/0570e033-12d7-49b2-88f3-7a5d84157223.jpg\" width=\"790\" height=\"365\"><br></p><p><img alt=\"40000.jpg\" src=\"http://img.springboot.cn/50515c02-3255-44b9-a829-9e141a28c08a.jpg\" width=\"790\" height=\"525\"><br></p><p><img alt=\"50000.jpg\" src=\"http://img.springboot.cn/c138fc56-5843-4287-a029-91cf3732d034.jpg\" width=\"790\" height=\"525\"><br></p><p><img alt=\"60000.jpg\" src=\"http://img.springboot.cn/c92d1f8a-9827-453f-9d37-b10a3287e894.jpg\" width=\"790\" height=\"525\"><br></p><p><br></p><p><img alt=\"TB24p51hgFkpuFjSspnXXb4qFXa-1776456424.jpg\" src=\"http://img.springboot.cn/bb1511fc-3483-471f-80e5-c7c81fa5e1dd.jpg\" width=\"790\" height=\"375\"><br></p><p><br></p><p><img alt=\"shouhou.jpg\" src=\"http://img.springboot.cn/698e6fbe-97ea-478b-8170-008ad24030f7.jpg\" width=\"750\" height=\"150\"><br></p><p><img alt=\"999.jpg\" src=\"http://img.springboot.cn/ee276fe6-5d79-45aa-8393-ba1d210f9c89.jpg\" width=\"790\" height=\"351\"><br></p>',6999.00,91,1,'2000-04-13 21:45:41','2022-07-21 14:18:08'),(92,100006,'Midea/美的 BCD-535WKZM(E)冰箱双开门对开门风冷无霜智能电家用','送品牌烤箱，五一大促','https://cdn.cnbj1.fds.api.mi-img.com/nr-pub/202207012000_0b9df066c110f201154013ac373df1d9.png','ac3e571d-13ce-4fad-89e8-c92c2eccf536.jpeg,4bb02f1c-62d5-48cc-b358-97b05af5740d.jpeg,36bdb49c-72ae-4185-9297-78829b54b566.jpeg','<p><img alt=\"miaoshu.jpg\" src=\"http://img.springboot.cn/9c5c74e6-6615-4aa0-b1fc-c17a1eff6027.jpg\" width=\"790\" height=\"444\"><br></p><p><img alt=\"miaoshu2.jpg\" src=\"http://img.springboot.cn/31dc1a94-f354-48b8-a170-1a1a6de8751b.jpg\" width=\"790\" height=\"1441\"><img alt=\"miaoshu3.jpg\" src=\"http://img.springboot.cn/7862594b-3063-4b52-b7d4-cea980c604e0.jpg\" width=\"790\" height=\"1442\"><img alt=\"miaoshu4.jpg\" src=\"http://img.springboot.cn/9a650563-dc85-44d6-b174-d6960cfb1d6a.jpg\" width=\"790\" height=\"1441\"><br></p>',3299.00,99,1,'2000-04-13 18:51:54','2022-07-21 14:18:08'),(93,100012,'4+64G送手环/Huawei/华为 nova 手机P9/P10plus青春','NOVA青春版1999元','https://cdn.cnbj1.fds.api.mi-img.com/nr-pub/202207012000_0b9df066c110f201154013ac373df1d9.png','0093f5d3-bdb4-4fb0-bec5-5465dfd26363.jpeg,13da2172-4445-4eb5-a13f-c5d4ede8458c.jpeg,58d5d4b7-58d4-4948-81b6-2bae4f79bf02.jpeg','<p><img alt=\"11TB2fKK3cl0kpuFjSsziXXa.oVXa_!!1777180618.jpg\" src=\"http://img.springboot.cn/5c2d1c6d-9e09-48ce-bbdb-e833b42ff664.jpg\" width=\"790\" height=\"966\"><img alt=\"22TB2YP3AkEhnpuFjSZFpXXcpuXXa_!!1777180618.jpg\" src=\"http://img.springboot.cn/9a10b877-818f-4a27-b6f7-62887f3fb39d.jpg\" width=\"790\" height=\"1344\"><img alt=\"33TB2Yyshk.hnpuFjSZFpXXcpuXXa_!!1777180618.jpg\" src=\"http://img.springboot.cn/7d7fbd69-a3cb-4efe-8765-423bf8276e3e.jpg\" width=\"790\" height=\"700\"><img alt=\"TB2diyziB8kpuFjSspeXXc7IpXa_!!1777180618.jpg\" src=\"http://img.springboot.cn/1d7160d2-9dba-422f-b2a0-e92847ba6ce9.jpg\" width=\"790\" height=\"393\"><br></p>',1999.00,100,1,'2000-04-13 18:57:18','2022-07-21 14:18:08'),(94,100008,'Haier/海尔HJ100-1HU1 10公斤滚筒洗衣机全自动带烘干家用大容量 洗烘一体','门店机型 德邦送货','https://cdn.cnbj1.fds.api.mi-img.com/nr-pub/202207012000_0b9df066c110f201154013ac373df1d9.png','173335a4-5dce-4afd-9f18-a10623724c4e.jpeg,42b1b8bc-27c7-4ee1-80ab-753d216a1d49.jpeg,2f1b3de1-1eb1-4c18-8ca2-518934931bec.jpeg','<p><img alt=\"1TB2WLZrcIaK.eBjSspjXXXL.XXa_!!2114960396.jpg\" src=\"http://img.springboot.cn/ffcce953-81bd-463c-acd1-d690b263d6df.jpg\" width=\"790\" height=\"920\"><img alt=\"2TB2zhOFbZCO.eBjSZFzXXaRiVXa_!!2114960396.jpg\" src=\"http://img.springboot.cn/58a7bd25-c3e7-4248-9dba-158ef2a90e70.jpg\" width=\"790\" height=\"1052\"><img alt=\"3TB27mCtb7WM.eBjSZFhXXbdWpXa_!!2114960396.jpg\" src=\"http://img.springboot.cn/2edbe9b3-28be-4a8b-a9c3-82e40703f22f.jpg\" width=\"790\" height=\"820\"><br></p>',4299.00,100,1,'2000-04-13 19:07:47','2022-07-21 14:18:08'),(95,100002,'Apple iPhone 7 Plus (A1661) 128G 玫瑰金色 移动联通电信4G手机','iPhone 7，现更以红色呈现。','https://cdn.cnbj1.fds.api.mi-img.com/nr-pub/202207012000_0b9df066c110f201154013ac373df1d9.png','241997c4-9e62-4824-b7f0-7425c3c28917.jpeg,b6c56eb0-1748-49a9-98dc-bcc4b9788a54.jpeg,92f17532-1527-4563-aa1d-ed01baa0f7b2.jpeg,3adbe4f7-e374-4533-aa79-cc4a98c529bf.jpeg','<p><img alt=\"10000.jpg\" src=\"http://img.springboot.cn/00bce8d4-e9af-4c8d-b205-e6c75c7e252b.jpg\" width=\"790\" height=\"553\"><br></p><p><img alt=\"20000.jpg\" src=\"http://img.springboot.cn/4a70b4b4-01ee-46af-9468-31e67d0995b8.jpg\" width=\"790\" height=\"525\"><br></p><p><img alt=\"30000.jpg\" src=\"http://img.springboot.cn/0570e033-12d7-49b2-88f3-7a5d84157223.jpg\" width=\"790\" height=\"365\"><br></p><p><img alt=\"40000.jpg\" src=\"http://img.springboot.cn/50515c02-3255-44b9-a829-9e141a28c08a.jpg\" width=\"790\" height=\"525\"><br></p><p><img alt=\"50000.jpg\" src=\"http://img.springboot.cn/c138fc56-5843-4287-a029-91cf3732d034.jpg\" width=\"790\" height=\"525\"><br></p><p><img alt=\"60000.jpg\" src=\"http://img.springboot.cn/c92d1f8a-9827-453f-9d37-b10a3287e894.jpg\" width=\"790\" height=\"525\"><br></p><p><br></p><p><img alt=\"TB24p51hgFkpuFjSspnXXb4qFXa-1776456424.jpg\" src=\"http://img.springboot.cn/bb1511fc-3483-471f-80e5-c7c81fa5e1dd.jpg\" width=\"790\" height=\"375\"><br></p><p><br></p><p><img alt=\"shouhou.jpg\" src=\"http://img.springboot.cn/698e6fbe-97ea-478b-8170-008ad24030f7.jpg\" width=\"750\" height=\"150\"><br></p><p><img alt=\"999.jpg\" src=\"http://img.springboot.cn/ee276fe6-5d79-45aa-8393-ba1d210f9c89.jpg\" width=\"790\" height=\"351\"><br></p>',6999.00,91,1,'2000-04-13 21:45:41','2022-07-21 14:18:08'),(96,100006,'Midea/美的 BCD-535WKZM(E)冰箱双开门对开门风冷无霜智能电家用','送品牌烤箱，五一大促','https://cdn.cnbj1.fds.api.mi-img.com/nr-pub/202207012000_0b9df066c110f201154013ac373df1d9.png','ac3e571d-13ce-4fad-89e8-c92c2eccf536.jpeg,4bb02f1c-62d5-48cc-b358-97b05af5740d.jpeg,36bdb49c-72ae-4185-9297-78829b54b566.jpeg','<p><img alt=\"miaoshu.jpg\" src=\"http://img.springboot.cn/9c5c74e6-6615-4aa0-b1fc-c17a1eff6027.jpg\" width=\"790\" height=\"444\"><br></p><p><img alt=\"miaoshu2.jpg\" src=\"http://img.springboot.cn/31dc1a94-f354-48b8-a170-1a1a6de8751b.jpg\" width=\"790\" height=\"1441\"><img alt=\"miaoshu3.jpg\" src=\"http://img.springboot.cn/7862594b-3063-4b52-b7d4-cea980c604e0.jpg\" width=\"790\" height=\"1442\"><img alt=\"miaoshu4.jpg\" src=\"http://img.springboot.cn/9a650563-dc85-44d6-b174-d6960cfb1d6a.jpg\" width=\"790\" height=\"1441\"><br></p>',3299.00,99,1,'2000-04-13 18:51:54','2022-07-21 14:18:08'),(97,100012,'4+64G送手环/Huawei/华为 nova 手机P9/P10plus青春','NOVA青春版1999元','https://cdn.cnbj1.fds.api.mi-img.com/nr-pub/202207012000_0b9df066c110f201154013ac373df1d9.png','0093f5d3-bdb4-4fb0-bec5-5465dfd26363.jpeg,13da2172-4445-4eb5-a13f-c5d4ede8458c.jpeg,58d5d4b7-58d4-4948-81b6-2bae4f79bf02.jpeg','<p><img alt=\"11TB2fKK3cl0kpuFjSsziXXa.oVXa_!!1777180618.jpg\" src=\"http://img.springboot.cn/5c2d1c6d-9e09-48ce-bbdb-e833b42ff664.jpg\" width=\"790\" height=\"966\"><img alt=\"22TB2YP3AkEhnpuFjSZFpXXcpuXXa_!!1777180618.jpg\" src=\"http://img.springboot.cn/9a10b877-818f-4a27-b6f7-62887f3fb39d.jpg\" width=\"790\" height=\"1344\"><img alt=\"33TB2Yyshk.hnpuFjSZFpXXcpuXXa_!!1777180618.jpg\" src=\"http://img.springboot.cn/7d7fbd69-a3cb-4efe-8765-423bf8276e3e.jpg\" width=\"790\" height=\"700\"><img alt=\"TB2diyziB8kpuFjSspeXXc7IpXa_!!1777180618.jpg\" src=\"http://img.springboot.cn/1d7160d2-9dba-422f-b2a0-e92847ba6ce9.jpg\" width=\"790\" height=\"393\"><br></p>',1999.00,100,1,'2000-04-13 18:57:18','2022-07-21 14:18:08'),(98,100008,'Haier/海尔HJ100-1HU1 10公斤滚筒洗衣机全自动带烘干家用大容量 洗烘一体','门店机型 德邦送货','https://cdn.cnbj1.fds.api.mi-img.com/nr-pub/202207012000_0b9df066c110f201154013ac373df1d9.png','173335a4-5dce-4afd-9f18-a10623724c4e.jpeg,42b1b8bc-27c7-4ee1-80ab-753d216a1d49.jpeg,2f1b3de1-1eb1-4c18-8ca2-518934931bec.jpeg','<p><img alt=\"1TB2WLZrcIaK.eBjSspjXXXL.XXa_!!2114960396.jpg\" src=\"http://img.springboot.cn/ffcce953-81bd-463c-acd1-d690b263d6df.jpg\" width=\"790\" height=\"920\"><img alt=\"2TB2zhOFbZCO.eBjSZFzXXaRiVXa_!!2114960396.jpg\" src=\"http://img.springboot.cn/58a7bd25-c3e7-4248-9dba-158ef2a90e70.jpg\" width=\"790\" height=\"1052\"><img alt=\"3TB27mCtb7WM.eBjSZFhXXbdWpXa_!!2114960396.jpg\" src=\"http://img.springboot.cn/2edbe9b3-28be-4a8b-a9c3-82e40703f22f.jpg\" width=\"790\" height=\"820\"><br></p>',4299.00,100,1,'2000-04-13 19:07:47','2022-07-21 14:18:08'),(99,100002,'Apple iPhone 7 Plus (A1661) 128G 玫瑰金色 移动联通电信4G手机','iPhone 7，现更以红色呈现。','https://cdn.cnbj1.fds.api.mi-img.com/nr-pub/202207012000_0b9df066c110f201154013ac373df1d9.png','241997c4-9e62-4824-b7f0-7425c3c28917.jpeg,b6c56eb0-1748-49a9-98dc-bcc4b9788a54.jpeg,92f17532-1527-4563-aa1d-ed01baa0f7b2.jpeg,3adbe4f7-e374-4533-aa79-cc4a98c529bf.jpeg','<p><img alt=\"10000.jpg\" src=\"http://img.springboot.cn/00bce8d4-e9af-4c8d-b205-e6c75c7e252b.jpg\" width=\"790\" height=\"553\"><br></p><p><img alt=\"20000.jpg\" src=\"http://img.springboot.cn/4a70b4b4-01ee-46af-9468-31e67d0995b8.jpg\" width=\"790\" height=\"525\"><br></p><p><img alt=\"30000.jpg\" src=\"http://img.springboot.cn/0570e033-12d7-49b2-88f3-7a5d84157223.jpg\" width=\"790\" height=\"365\"><br></p><p><img alt=\"40000.jpg\" src=\"http://img.springboot.cn/50515c02-3255-44b9-a829-9e141a28c08a.jpg\" width=\"790\" height=\"525\"><br></p><p><img alt=\"50000.jpg\" src=\"http://img.springboot.cn/c138fc56-5843-4287-a029-91cf3732d034.jpg\" width=\"790\" height=\"525\"><br></p><p><img alt=\"60000.jpg\" src=\"http://img.springboot.cn/c92d1f8a-9827-453f-9d37-b10a3287e894.jpg\" width=\"790\" height=\"525\"><br></p><p><br></p><p><img alt=\"TB24p51hgFkpuFjSspnXXb4qFXa-1776456424.jpg\" src=\"http://img.springboot.cn/bb1511fc-3483-471f-80e5-c7c81fa5e1dd.jpg\" width=\"790\" height=\"375\"><br></p><p><br></p><p><img alt=\"shouhou.jpg\" src=\"http://img.springboot.cn/698e6fbe-97ea-478b-8170-008ad24030f7.jpg\" width=\"750\" height=\"150\"><br></p><p><img alt=\"999.jpg\" src=\"http://img.springboot.cn/ee276fe6-5d79-45aa-8393-ba1d210f9c89.jpg\" width=\"790\" height=\"351\"><br></p>',6999.00,91,1,'2000-04-13 21:45:41','2022-07-21 14:18:08'),(100,100006,'Midea/美的 BCD-535WKZM(E)冰箱双开门对开门风冷无霜智能电家用','送品牌烤箱，五一大促','https://cdn.cnbj1.fds.api.mi-img.com/nr-pub/202207012000_0b9df066c110f201154013ac373df1d9.png','ac3e571d-13ce-4fad-89e8-c92c2eccf536.jpeg,4bb02f1c-62d5-48cc-b358-97b05af5740d.jpeg,36bdb49c-72ae-4185-9297-78829b54b566.jpeg','<p><img alt=\"miaoshu.jpg\" src=\"http://img.springboot.cn/9c5c74e6-6615-4aa0-b1fc-c17a1eff6027.jpg\" width=\"790\" height=\"444\"><br></p><p><img alt=\"miaoshu2.jpg\" src=\"http://img.springboot.cn/31dc1a94-f354-48b8-a170-1a1a6de8751b.jpg\" width=\"790\" height=\"1441\"><img alt=\"miaoshu3.jpg\" src=\"http://img.springboot.cn/7862594b-3063-4b52-b7d4-cea980c604e0.jpg\" width=\"790\" height=\"1442\"><img alt=\"miaoshu4.jpg\" src=\"http://img.springboot.cn/9a650563-dc85-44d6-b174-d6960cfb1d6a.jpg\" width=\"790\" height=\"1441\"><br></p>',3299.00,99,1,'2000-04-13 18:51:54','2022-07-21 14:18:08'),(101,100012,'4+64G送手环/Huawei/华为 nova 手机P9/P10plus青春','NOVA青春版1999元','https://cdn.cnbj1.fds.api.mi-img.com/nr-pub/202207012000_0b9df066c110f201154013ac373df1d9.png','0093f5d3-bdb4-4fb0-bec5-5465dfd26363.jpeg,13da2172-4445-4eb5-a13f-c5d4ede8458c.jpeg,58d5d4b7-58d4-4948-81b6-2bae4f79bf02.jpeg','<p><img alt=\"11TB2fKK3cl0kpuFjSsziXXa.oVXa_!!1777180618.jpg\" src=\"http://img.springboot.cn/5c2d1c6d-9e09-48ce-bbdb-e833b42ff664.jpg\" width=\"790\" height=\"966\"><img alt=\"22TB2YP3AkEhnpuFjSZFpXXcpuXXa_!!1777180618.jpg\" src=\"http://img.springboot.cn/9a10b877-818f-4a27-b6f7-62887f3fb39d.jpg\" width=\"790\" height=\"1344\"><img alt=\"33TB2Yyshk.hnpuFjSZFpXXcpuXXa_!!1777180618.jpg\" src=\"http://img.springboot.cn/7d7fbd69-a3cb-4efe-8765-423bf8276e3e.jpg\" width=\"790\" height=\"700\"><img alt=\"TB2diyziB8kpuFjSspeXXc7IpXa_!!1777180618.jpg\" src=\"http://img.springboot.cn/1d7160d2-9dba-422f-b2a0-e92847ba6ce9.jpg\" width=\"790\" height=\"393\"><br></p>',1999.00,100,1,'2000-04-13 18:57:18','2022-07-21 14:18:08'),(102,100008,'Haier/海尔HJ100-1HU1 10公斤滚筒洗衣机全自动带烘干家用大容量 洗烘一体','门店机型 德邦送货','https://cdn.cnbj1.fds.api.mi-img.com/nr-pub/202207012000_0b9df066c110f201154013ac373df1d9.png','173335a4-5dce-4afd-9f18-a10623724c4e.jpeg,42b1b8bc-27c7-4ee1-80ab-753d216a1d49.jpeg,2f1b3de1-1eb1-4c18-8ca2-518934931bec.jpeg','<p><img alt=\"1TB2WLZrcIaK.eBjSspjXXXL.XXa_!!2114960396.jpg\" src=\"http://img.springboot.cn/ffcce953-81bd-463c-acd1-d690b263d6df.jpg\" width=\"790\" height=\"920\"><img alt=\"2TB2zhOFbZCO.eBjSZFzXXaRiVXa_!!2114960396.jpg\" src=\"http://img.springboot.cn/58a7bd25-c3e7-4248-9dba-158ef2a90e70.jpg\" width=\"790\" height=\"1052\"><img alt=\"3TB27mCtb7WM.eBjSZFhXXbdWpXa_!!2114960396.jpg\" src=\"http://img.springboot.cn/2edbe9b3-28be-4a8b-a9c3-82e40703f22f.jpg\" width=\"790\" height=\"820\"><br></p>',4299.00,100,1,'2000-04-13 19:07:47','2022-07-21 14:18:08'),(103,100002,'Apple iPhone 7 Plus (A1661) 128G 玫瑰金色 移动联通电信4G手机','iPhone 7，现更以红色呈现。','https://cdn.cnbj1.fds.api.mi-img.com/nr-pub/202207012000_0b9df066c110f201154013ac373df1d9.png','241997c4-9e62-4824-b7f0-7425c3c28917.jpeg,b6c56eb0-1748-49a9-98dc-bcc4b9788a54.jpeg,92f17532-1527-4563-aa1d-ed01baa0f7b2.jpeg,3adbe4f7-e374-4533-aa79-cc4a98c529bf.jpeg','<p><img alt=\"10000.jpg\" src=\"http://img.springboot.cn/00bce8d4-e9af-4c8d-b205-e6c75c7e252b.jpg\" width=\"790\" height=\"553\"><br></p><p><img alt=\"20000.jpg\" src=\"http://img.springboot.cn/4a70b4b4-01ee-46af-9468-31e67d0995b8.jpg\" width=\"790\" height=\"525\"><br></p><p><img alt=\"30000.jpg\" src=\"http://img.springboot.cn/0570e033-12d7-49b2-88f3-7a5d84157223.jpg\" width=\"790\" height=\"365\"><br></p><p><img alt=\"40000.jpg\" src=\"http://img.springboot.cn/50515c02-3255-44b9-a829-9e141a28c08a.jpg\" width=\"790\" height=\"525\"><br></p><p><img alt=\"50000.jpg\" src=\"http://img.springboot.cn/c138fc56-5843-4287-a029-91cf3732d034.jpg\" width=\"790\" height=\"525\"><br></p><p><img alt=\"60000.jpg\" src=\"http://img.springboot.cn/c92d1f8a-9827-453f-9d37-b10a3287e894.jpg\" width=\"790\" height=\"525\"><br></p><p><br></p><p><img alt=\"TB24p51hgFkpuFjSspnXXb4qFXa-1776456424.jpg\" src=\"http://img.springboot.cn/bb1511fc-3483-471f-80e5-c7c81fa5e1dd.jpg\" width=\"790\" height=\"375\"><br></p><p><br></p><p><img alt=\"shouhou.jpg\" src=\"http://img.springboot.cn/698e6fbe-97ea-478b-8170-008ad24030f7.jpg\" width=\"750\" height=\"150\"><br></p><p><img alt=\"999.jpg\" src=\"http://img.springboot.cn/ee276fe6-5d79-45aa-8393-ba1d210f9c89.jpg\" width=\"790\" height=\"351\"><br></p>',6999.00,91,1,'2000-04-13 21:45:41','2022-07-21 14:18:08'),(104,100006,'Midea/美的 BCD-535WKZM(E)冰箱双开门对开门风冷无霜智能电家用','送品牌烤箱，五一大促','https://cdn.cnbj1.fds.api.mi-img.com/nr-pub/202207012000_0b9df066c110f201154013ac373df1d9.png','ac3e571d-13ce-4fad-89e8-c92c2eccf536.jpeg,4bb02f1c-62d5-48cc-b358-97b05af5740d.jpeg,36bdb49c-72ae-4185-9297-78829b54b566.jpeg','<p><img alt=\"miaoshu.jpg\" src=\"http://img.springboot.cn/9c5c74e6-6615-4aa0-b1fc-c17a1eff6027.jpg\" width=\"790\" height=\"444\"><br></p><p><img alt=\"miaoshu2.jpg\" src=\"http://img.springboot.cn/31dc1a94-f354-48b8-a170-1a1a6de8751b.jpg\" width=\"790\" height=\"1441\"><img alt=\"miaoshu3.jpg\" src=\"http://img.springboot.cn/7862594b-3063-4b52-b7d4-cea980c604e0.jpg\" width=\"790\" height=\"1442\"><img alt=\"miaoshu4.jpg\" src=\"http://img.springboot.cn/9a650563-dc85-44d6-b174-d6960cfb1d6a.jpg\" width=\"790\" height=\"1441\"><br></p>',3299.00,99,1,'2000-04-13 18:51:54','2022-07-21 14:18:08'),(105,100012,'4+64G送手环/Huawei/华为 nova 手机P9/P10plus青春','NOVA青春版1999元','https://cdn.cnbj1.fds.api.mi-img.com/nr-pub/202207012000_0b9df066c110f201154013ac373df1d9.png','0093f5d3-bdb4-4fb0-bec5-5465dfd26363.jpeg,13da2172-4445-4eb5-a13f-c5d4ede8458c.jpeg,58d5d4b7-58d4-4948-81b6-2bae4f79bf02.jpeg','<p><img alt=\"11TB2fKK3cl0kpuFjSsziXXa.oVXa_!!1777180618.jpg\" src=\"http://img.springboot.cn/5c2d1c6d-9e09-48ce-bbdb-e833b42ff664.jpg\" width=\"790\" height=\"966\"><img alt=\"22TB2YP3AkEhnpuFjSZFpXXcpuXXa_!!1777180618.jpg\" src=\"http://img.springboot.cn/9a10b877-818f-4a27-b6f7-62887f3fb39d.jpg\" width=\"790\" height=\"1344\"><img alt=\"33TB2Yyshk.hnpuFjSZFpXXcpuXXa_!!1777180618.jpg\" src=\"http://img.springboot.cn/7d7fbd69-a3cb-4efe-8765-423bf8276e3e.jpg\" width=\"790\" height=\"700\"><img alt=\"TB2diyziB8kpuFjSspeXXc7IpXa_!!1777180618.jpg\" src=\"http://img.springboot.cn/1d7160d2-9dba-422f-b2a0-e92847ba6ce9.jpg\" width=\"790\" height=\"393\"><br></p>',1999.00,100,1,'2000-04-13 18:57:18','2022-07-21 14:18:08'),(106,100008,'Haier/海尔HJ100-1HU1 10公斤滚筒洗衣机全自动带烘干家用大容量 洗烘一体','门店机型 德邦送货','https://cdn.cnbj1.fds.api.mi-img.com/nr-pub/202207012000_0b9df066c110f201154013ac373df1d9.png','173335a4-5dce-4afd-9f18-a10623724c4e.jpeg,42b1b8bc-27c7-4ee1-80ab-753d216a1d49.jpeg,2f1b3de1-1eb1-4c18-8ca2-518934931bec.jpeg','<p><img alt=\"1TB2WLZrcIaK.eBjSspjXXXL.XXa_!!2114960396.jpg\" src=\"http://img.springboot.cn/ffcce953-81bd-463c-acd1-d690b263d6df.jpg\" width=\"790\" height=\"920\"><img alt=\"2TB2zhOFbZCO.eBjSZFzXXaRiVXa_!!2114960396.jpg\" src=\"http://img.springboot.cn/58a7bd25-c3e7-4248-9dba-158ef2a90e70.jpg\" width=\"790\" height=\"1052\"><img alt=\"3TB27mCtb7WM.eBjSZFhXXbdWpXa_!!2114960396.jpg\" src=\"http://img.springboot.cn/2edbe9b3-28be-4a8b-a9c3-82e40703f22f.jpg\" width=\"790\" height=\"820\"><br></p>',4299.00,100,1,'2000-04-13 19:07:47','2022-07-21 14:18:08'),(107,100002,'Apple iPhone 7 Plus (A1661) 128G 玫瑰金色 移动联通电信4G手机','iPhone 7，现更以红色呈现。','https://cdn.cnbj1.fds.api.mi-img.com/nr-pub/202207012000_0b9df066c110f201154013ac373df1d9.png','241997c4-9e62-4824-b7f0-7425c3c28917.jpeg,b6c56eb0-1748-49a9-98dc-bcc4b9788a54.jpeg,92f17532-1527-4563-aa1d-ed01baa0f7b2.jpeg,3adbe4f7-e374-4533-aa79-cc4a98c529bf.jpeg','<p><img alt=\"10000.jpg\" src=\"http://img.springboot.cn/00bce8d4-e9af-4c8d-b205-e6c75c7e252b.jpg\" width=\"790\" height=\"553\"><br></p><p><img alt=\"20000.jpg\" src=\"http://img.springboot.cn/4a70b4b4-01ee-46af-9468-31e67d0995b8.jpg\" width=\"790\" height=\"525\"><br></p><p><img alt=\"30000.jpg\" src=\"http://img.springboot.cn/0570e033-12d7-49b2-88f3-7a5d84157223.jpg\" width=\"790\" height=\"365\"><br></p><p><img alt=\"40000.jpg\" src=\"http://img.springboot.cn/50515c02-3255-44b9-a829-9e141a28c08a.jpg\" width=\"790\" height=\"525\"><br></p><p><img alt=\"50000.jpg\" src=\"http://img.springboot.cn/c138fc56-5843-4287-a029-91cf3732d034.jpg\" width=\"790\" height=\"525\"><br></p><p><img alt=\"60000.jpg\" src=\"http://img.springboot.cn/c92d1f8a-9827-453f-9d37-b10a3287e894.jpg\" width=\"790\" height=\"525\"><br></p><p><br></p><p><img alt=\"TB24p51hgFkpuFjSspnXXb4qFXa-1776456424.jpg\" src=\"http://img.springboot.cn/bb1511fc-3483-471f-80e5-c7c81fa5e1dd.jpg\" width=\"790\" height=\"375\"><br></p><p><br></p><p><img alt=\"shouhou.jpg\" src=\"http://img.springboot.cn/698e6fbe-97ea-478b-8170-008ad24030f7.jpg\" width=\"750\" height=\"150\"><br></p><p><img alt=\"999.jpg\" src=\"http://img.springboot.cn/ee276fe6-5d79-45aa-8393-ba1d210f9c89.jpg\" width=\"790\" height=\"351\"><br></p>',6999.00,91,1,'2000-04-13 21:45:41','2022-07-21 14:18:08'),(108,100006,'Midea/美的 BCD-535WKZM(E)冰箱双开门对开门风冷无霜智能电家用','送品牌烤箱，五一大促','https://cdn.cnbj1.fds.api.mi-img.com/nr-pub/202207012000_0b9df066c110f201154013ac373df1d9.png','ac3e571d-13ce-4fad-89e8-c92c2eccf536.jpeg,4bb02f1c-62d5-48cc-b358-97b05af5740d.jpeg,36bdb49c-72ae-4185-9297-78829b54b566.jpeg','<p><img alt=\"miaoshu.jpg\" src=\"http://img.springboot.cn/9c5c74e6-6615-4aa0-b1fc-c17a1eff6027.jpg\" width=\"790\" height=\"444\"><br></p><p><img alt=\"miaoshu2.jpg\" src=\"http://img.springboot.cn/31dc1a94-f354-48b8-a170-1a1a6de8751b.jpg\" width=\"790\" height=\"1441\"><img alt=\"miaoshu3.jpg\" src=\"http://img.springboot.cn/7862594b-3063-4b52-b7d4-cea980c604e0.jpg\" width=\"790\" height=\"1442\"><img alt=\"miaoshu4.jpg\" src=\"http://img.springboot.cn/9a650563-dc85-44d6-b174-d6960cfb1d6a.jpg\" width=\"790\" height=\"1441\"><br></p>',3299.00,99,1,'2000-04-13 18:51:54','2022-07-21 14:18:08'),(109,100012,'4+64G送手环/Huawei/华为 nova 手机P9/P10plus青春','NOVA青春版1999元','https://cdn.cnbj1.fds.api.mi-img.com/nr-pub/202207012000_0b9df066c110f201154013ac373df1d9.png','0093f5d3-bdb4-4fb0-bec5-5465dfd26363.jpeg,13da2172-4445-4eb5-a13f-c5d4ede8458c.jpeg,58d5d4b7-58d4-4948-81b6-2bae4f79bf02.jpeg','<p><img alt=\"11TB2fKK3cl0kpuFjSsziXXa.oVXa_!!1777180618.jpg\" src=\"http://img.springboot.cn/5c2d1c6d-9e09-48ce-bbdb-e833b42ff664.jpg\" width=\"790\" height=\"966\"><img alt=\"22TB2YP3AkEhnpuFjSZFpXXcpuXXa_!!1777180618.jpg\" src=\"http://img.springboot.cn/9a10b877-818f-4a27-b6f7-62887f3fb39d.jpg\" width=\"790\" height=\"1344\"><img alt=\"33TB2Yyshk.hnpuFjSZFpXXcpuXXa_!!1777180618.jpg\" src=\"http://img.springboot.cn/7d7fbd69-a3cb-4efe-8765-423bf8276e3e.jpg\" width=\"790\" height=\"700\"><img alt=\"TB2diyziB8kpuFjSspeXXc7IpXa_!!1777180618.jpg\" src=\"http://img.springboot.cn/1d7160d2-9dba-422f-b2a0-e92847ba6ce9.jpg\" width=\"790\" height=\"393\"><br></p>',1999.00,100,1,'2000-04-13 18:57:18','2022-07-21 14:18:08'),(110,100008,'Haier/海尔HJ100-1HU1 10公斤滚筒洗衣机全自动带烘干家用大容量 洗烘一体','门店机型 德邦送货','https://cdn.cnbj1.fds.api.mi-img.com/nr-pub/202207012000_0b9df066c110f201154013ac373df1d9.png','173335a4-5dce-4afd-9f18-a10623724c4e.jpeg,42b1b8bc-27c7-4ee1-80ab-753d216a1d49.jpeg,2f1b3de1-1eb1-4c18-8ca2-518934931bec.jpeg','<p><img alt=\"1TB2WLZrcIaK.eBjSspjXXXL.XXa_!!2114960396.jpg\" src=\"http://img.springboot.cn/ffcce953-81bd-463c-acd1-d690b263d6df.jpg\" width=\"790\" height=\"920\"><img alt=\"2TB2zhOFbZCO.eBjSZFzXXaRiVXa_!!2114960396.jpg\" src=\"http://img.springboot.cn/58a7bd25-c3e7-4248-9dba-158ef2a90e70.jpg\" width=\"790\" height=\"1052\"><img alt=\"3TB27mCtb7WM.eBjSZFhXXbdWpXa_!!2114960396.jpg\" src=\"http://img.springboot.cn/2edbe9b3-28be-4a8b-a9c3-82e40703f22f.jpg\" width=\"790\" height=\"820\"><br></p>',4299.00,100,1,'2000-04-13 19:07:47','2022-07-21 14:18:08'),(111,100002,'Apple iPhone 7 Plus (A1661) 128G 玫瑰金色 移动联通电信4G手机','iPhone 7，现更以红色呈现。','https://cdn.cnbj1.fds.api.mi-img.com/nr-pub/202207012000_0b9df066c110f201154013ac373df1d9.png','241997c4-9e62-4824-b7f0-7425c3c28917.jpeg,b6c56eb0-1748-49a9-98dc-bcc4b9788a54.jpeg,92f17532-1527-4563-aa1d-ed01baa0f7b2.jpeg,3adbe4f7-e374-4533-aa79-cc4a98c529bf.jpeg','<p><img alt=\"10000.jpg\" src=\"http://img.springboot.cn/00bce8d4-e9af-4c8d-b205-e6c75c7e252b.jpg\" width=\"790\" height=\"553\"><br></p><p><img alt=\"20000.jpg\" src=\"http://img.springboot.cn/4a70b4b4-01ee-46af-9468-31e67d0995b8.jpg\" width=\"790\" height=\"525\"><br></p><p><img alt=\"30000.jpg\" src=\"http://img.springboot.cn/0570e033-12d7-49b2-88f3-7a5d84157223.jpg\" width=\"790\" height=\"365\"><br></p><p><img alt=\"40000.jpg\" src=\"http://img.springboot.cn/50515c02-3255-44b9-a829-9e141a28c08a.jpg\" width=\"790\" height=\"525\"><br></p><p><img alt=\"50000.jpg\" src=\"http://img.springboot.cn/c138fc56-5843-4287-a029-91cf3732d034.jpg\" width=\"790\" height=\"525\"><br></p><p><img alt=\"60000.jpg\" src=\"http://img.springboot.cn/c92d1f8a-9827-453f-9d37-b10a3287e894.jpg\" width=\"790\" height=\"525\"><br></p><p><br></p><p><img alt=\"TB24p51hgFkpuFjSspnXXb4qFXa-1776456424.jpg\" src=\"http://img.springboot.cn/bb1511fc-3483-471f-80e5-c7c81fa5e1dd.jpg\" width=\"790\" height=\"375\"><br></p><p><br></p><p><img alt=\"shouhou.jpg\" src=\"http://img.springboot.cn/698e6fbe-97ea-478b-8170-008ad24030f7.jpg\" width=\"750\" height=\"150\"><br></p><p><img alt=\"999.jpg\" src=\"http://img.springboot.cn/ee276fe6-5d79-45aa-8393-ba1d210f9c89.jpg\" width=\"790\" height=\"351\"><br></p>',6999.00,91,1,'2000-04-13 21:45:41','2022-07-21 14:18:08'),(112,100006,'Midea/美的 BCD-535WKZM(E)冰箱双开门对开门风冷无霜智能电家用','送品牌烤箱，五一大促','https://cdn.cnbj1.fds.api.mi-img.com/nr-pub/202207012000_0b9df066c110f201154013ac373df1d9.png','ac3e571d-13ce-4fad-89e8-c92c2eccf536.jpeg,4bb02f1c-62d5-48cc-b358-97b05af5740d.jpeg,36bdb49c-72ae-4185-9297-78829b54b566.jpeg','<p><img alt=\"miaoshu.jpg\" src=\"http://img.springboot.cn/9c5c74e6-6615-4aa0-b1fc-c17a1eff6027.jpg\" width=\"790\" height=\"444\"><br></p><p><img alt=\"miaoshu2.jpg\" src=\"http://img.springboot.cn/31dc1a94-f354-48b8-a170-1a1a6de8751b.jpg\" width=\"790\" height=\"1441\"><img alt=\"miaoshu3.jpg\" src=\"http://img.springboot.cn/7862594b-3063-4b52-b7d4-cea980c604e0.jpg\" width=\"790\" height=\"1442\"><img alt=\"miaoshu4.jpg\" src=\"http://img.springboot.cn/9a650563-dc85-44d6-b174-d6960cfb1d6a.jpg\" width=\"790\" height=\"1441\"><br></p>',3299.00,99,1,'2000-04-13 18:51:54','2022-07-21 14:18:08'),(113,100012,'4+64G送手环/Huawei/华为 nova 手机P9/P10plus青春','NOVA青春版1999元','https://cdn.cnbj1.fds.api.mi-img.com/nr-pub/202207012000_0b9df066c110f201154013ac373df1d9.png','0093f5d3-bdb4-4fb0-bec5-5465dfd26363.jpeg,13da2172-4445-4eb5-a13f-c5d4ede8458c.jpeg,58d5d4b7-58d4-4948-81b6-2bae4f79bf02.jpeg','<p><img alt=\"11TB2fKK3cl0kpuFjSsziXXa.oVXa_!!1777180618.jpg\" src=\"http://img.springboot.cn/5c2d1c6d-9e09-48ce-bbdb-e833b42ff664.jpg\" width=\"790\" height=\"966\"><img alt=\"22TB2YP3AkEhnpuFjSZFpXXcpuXXa_!!1777180618.jpg\" src=\"http://img.springboot.cn/9a10b877-818f-4a27-b6f7-62887f3fb39d.jpg\" width=\"790\" height=\"1344\"><img alt=\"33TB2Yyshk.hnpuFjSZFpXXcpuXXa_!!1777180618.jpg\" src=\"http://img.springboot.cn/7d7fbd69-a3cb-4efe-8765-423bf8276e3e.jpg\" width=\"790\" height=\"700\"><img alt=\"TB2diyziB8kpuFjSspeXXc7IpXa_!!1777180618.jpg\" src=\"http://img.springboot.cn/1d7160d2-9dba-422f-b2a0-e92847ba6ce9.jpg\" width=\"790\" height=\"393\"><br></p>',1999.00,100,1,'2000-04-13 18:57:18','2022-07-21 06:14:51'),(114,100008,'Haier/海尔HJ100-1HU1 10公斤滚筒洗衣机全自动带烘干家用大容量 洗烘一体','门店机型 德邦送货','https://cdn.cnbj1.fds.api.mi-img.com/nr-pub/202207012000_0b9df066c110f201154013ac373df1d9.png','173335a4-5dce-4afd-9f18-a10623724c4e.jpeg,42b1b8bc-27c7-4ee1-80ab-753d216a1d49.jpeg,2f1b3de1-1eb1-4c18-8ca2-518934931bec.jpeg','<p><img alt=\"1TB2WLZrcIaK.eBjSspjXXXL.XXa_!!2114960396.jpg\" src=\"http://img.springboot.cn/ffcce953-81bd-463c-acd1-d690b263d6df.jpg\" width=\"790\" height=\"920\"><img alt=\"2TB2zhOFbZCO.eBjSZFzXXaRiVXa_!!2114960396.jpg\" src=\"http://img.springboot.cn/58a7bd25-c3e7-4248-9dba-158ef2a90e70.jpg\" width=\"790\" height=\"1052\"><img alt=\"3TB27mCtb7WM.eBjSZFhXXbdWpXa_!!2114960396.jpg\" src=\"http://img.springboot.cn/2edbe9b3-28be-4a8b-a9c3-82e40703f22f.jpg\" width=\"790\" height=\"820\"><br></p>',4299.00,100,1,'2000-04-13 19:07:47','2022-07-21 14:18:08'),(146,100002,'Apple iPhone 7 Plus (A1661) 128G 玫瑰金色 移动联通电信4G手机','iPhone 7，现更以红色呈现。','https://cdn.cnbj1.fds.api.mi-img.com/nr-pub/202207012000_0b9df066c110f201154013ac373df1d9.png','241997c4-9e62-4824-b7f0-7425c3c28917.jpeg,b6c56eb0-1748-49a9-98dc-bcc4b9788a54.jpeg,92f17532-1527-4563-aa1d-ed01baa0f7b2.jpeg,3adbe4f7-e374-4533-aa79-cc4a98c529bf.jpeg','<p><img alt=\"10000.jpg\" src=\"http://img.springboot.cn/00bce8d4-e9af-4c8d-b205-e6c75c7e252b.jpg\" width=\"790\" height=\"553\"><br></p><p><img alt=\"20000.jpg\" src=\"http://img.springboot.cn/4a70b4b4-01ee-46af-9468-31e67d0995b8.jpg\" width=\"790\" height=\"525\"><br></p><p><img alt=\"30000.jpg\" src=\"http://img.springboot.cn/0570e033-12d7-49b2-88f3-7a5d84157223.jpg\" width=\"790\" height=\"365\"><br></p><p><img alt=\"40000.jpg\" src=\"http://img.springboot.cn/50515c02-3255-44b9-a829-9e141a28c08a.jpg\" width=\"790\" height=\"525\"><br></p><p><img alt=\"50000.jpg\" src=\"http://img.springboot.cn/c138fc56-5843-4287-a029-91cf3732d034.jpg\" width=\"790\" height=\"525\"><br></p><p><img alt=\"60000.jpg\" src=\"http://img.springboot.cn/c92d1f8a-9827-453f-9d37-b10a3287e894.jpg\" width=\"790\" height=\"525\"><br></p><p><br></p><p><img alt=\"TB24p51hgFkpuFjSspnXXb4qFXa-1776456424.jpg\" src=\"http://img.springboot.cn/bb1511fc-3483-471f-80e5-c7c81fa5e1dd.jpg\" width=\"790\" height=\"375\"><br></p><p><br></p><p><img alt=\"shouhou.jpg\" src=\"http://img.springboot.cn/698e6fbe-97ea-478b-8170-008ad24030f7.jpg\" width=\"750\" height=\"150\"><br></p><p><img alt=\"999.jpg\" src=\"http://img.springboot.cn/ee276fe6-5d79-45aa-8393-ba1d210f9c89.jpg\" width=\"790\" height=\"351\"><br></p>',6999.00,91,1,'2000-04-13 21:45:41','2022-07-21 14:18:08'),(147,100006,'Midea/美的 BCD-535WKZM(E)冰箱双开门对开门风冷无霜智能电家用','送品牌烤箱，五一大促','https://cdn.cnbj1.fds.api.mi-img.com/nr-pub/202207012000_0b9df066c110f201154013ac373df1d9.png','ac3e571d-13ce-4fad-89e8-c92c2eccf536.jpeg,4bb02f1c-62d5-48cc-b358-97b05af5740d.jpeg,36bdb49c-72ae-4185-9297-78829b54b566.jpeg','<p><img alt=\"miaoshu.jpg\" src=\"http://img.springboot.cn/9c5c74e6-6615-4aa0-b1fc-c17a1eff6027.jpg\" width=\"790\" height=\"444\"><br></p><p><img alt=\"miaoshu2.jpg\" src=\"http://img.springboot.cn/31dc1a94-f354-48b8-a170-1a1a6de8751b.jpg\" width=\"790\" height=\"1441\"><img alt=\"miaoshu3.jpg\" src=\"http://img.springboot.cn/7862594b-3063-4b52-b7d4-cea980c604e0.jpg\" width=\"790\" height=\"1442\"><img alt=\"miaoshu4.jpg\" src=\"http://img.springboot.cn/9a650563-dc85-44d6-b174-d6960cfb1d6a.jpg\" width=\"790\" height=\"1441\"><br></p>',3299.00,99,1,'2000-04-13 18:51:54','2022-07-21 14:18:08'),(148,100012,'4+64G送手环/Huawei/华为 nova 手机P9/P10plus青春','NOVA青春版1999元','https://cdn.cnbj1.fds.api.mi-img.com/nr-pub/202207012000_0b9df066c110f201154013ac373df1d9.png','0093f5d3-bdb4-4fb0-bec5-5465dfd26363.jpeg,13da2172-4445-4eb5-a13f-c5d4ede8458c.jpeg,58d5d4b7-58d4-4948-81b6-2bae4f79bf02.jpeg','<p><img alt=\"11TB2fKK3cl0kpuFjSsziXXa.oVXa_!!1777180618.jpg\" src=\"http://img.springboot.cn/5c2d1c6d-9e09-48ce-bbdb-e833b42ff664.jpg\" width=\"790\" height=\"966\"><img alt=\"22TB2YP3AkEhnpuFjSZFpXXcpuXXa_!!1777180618.jpg\" src=\"http://img.springboot.cn/9a10b877-818f-4a27-b6f7-62887f3fb39d.jpg\" width=\"790\" height=\"1344\"><img alt=\"33TB2Yyshk.hnpuFjSZFpXXcpuXXa_!!1777180618.jpg\" src=\"http://img.springboot.cn/7d7fbd69-a3cb-4efe-8765-423bf8276e3e.jpg\" width=\"790\" height=\"700\"><img alt=\"TB2diyziB8kpuFjSspeXXc7IpXa_!!1777180618.jpg\" src=\"http://img.springboot.cn/1d7160d2-9dba-422f-b2a0-e92847ba6ce9.jpg\" width=\"790\" height=\"393\"><br></p>',1999.00,100,1,'2000-04-13 18:57:18','2022-07-21 14:18:08'),(149,100008,'Haier/海尔HJ100-1HU1 10公斤滚筒洗衣机全自动带烘干家用大容量 洗烘一体','门店机型 德邦送货','https://cdn.cnbj1.fds.api.mi-img.com/nr-pub/202207012000_0b9df066c110f201154013ac373df1d9.png','173335a4-5dce-4afd-9f18-a10623724c4e.jpeg,42b1b8bc-27c7-4ee1-80ab-753d216a1d49.jpeg,2f1b3de1-1eb1-4c18-8ca2-518934931bec.jpeg','<p><img alt=\"1TB2WLZrcIaK.eBjSspjXXXL.XXa_!!2114960396.jpg\" src=\"http://img.springboot.cn/ffcce953-81bd-463c-acd1-d690b263d6df.jpg\" width=\"790\" height=\"920\"><img alt=\"2TB2zhOFbZCO.eBjSZFzXXaRiVXa_!!2114960396.jpg\" src=\"http://img.springboot.cn/58a7bd25-c3e7-4248-9dba-158ef2a90e70.jpg\" width=\"790\" height=\"1052\"><img alt=\"3TB27mCtb7WM.eBjSZFhXXbdWpXa_!!2114960396.jpg\" src=\"http://img.springboot.cn/2edbe9b3-28be-4a8b-a9c3-82e40703f22f.jpg\" width=\"790\" height=\"820\"><br></p>',4299.00,100,1,'2000-04-13 19:07:47','2022-07-21 14:18:08'),(150,100002,'Apple iPhone 7 Plus (A1661) 128G 玫瑰金色 移动联通电信4G手机','iPhone 7，现更以红色呈现。','https://cdn.cnbj1.fds.api.mi-img.com/nr-pub/202207012000_0b9df066c110f201154013ac373df1d9.png','241997c4-9e62-4824-b7f0-7425c3c28917.jpeg,b6c56eb0-1748-49a9-98dc-bcc4b9788a54.jpeg,92f17532-1527-4563-aa1d-ed01baa0f7b2.jpeg,3adbe4f7-e374-4533-aa79-cc4a98c529bf.jpeg','<p><img alt=\"10000.jpg\" src=\"http://img.springboot.cn/00bce8d4-e9af-4c8d-b205-e6c75c7e252b.jpg\" width=\"790\" height=\"553\"><br></p><p><img alt=\"20000.jpg\" src=\"http://img.springboot.cn/4a70b4b4-01ee-46af-9468-31e67d0995b8.jpg\" width=\"790\" height=\"525\"><br></p><p><img alt=\"30000.jpg\" src=\"http://img.springboot.cn/0570e033-12d7-49b2-88f3-7a5d84157223.jpg\" width=\"790\" height=\"365\"><br></p><p><img alt=\"40000.jpg\" src=\"http://img.springboot.cn/50515c02-3255-44b9-a829-9e141a28c08a.jpg\" width=\"790\" height=\"525\"><br></p><p><img alt=\"50000.jpg\" src=\"http://img.springboot.cn/c138fc56-5843-4287-a029-91cf3732d034.jpg\" width=\"790\" height=\"525\"><br></p><p><img alt=\"60000.jpg\" src=\"http://img.springboot.cn/c92d1f8a-9827-453f-9d37-b10a3287e894.jpg\" width=\"790\" height=\"525\"><br></p><p><br></p><p><img alt=\"TB24p51hgFkpuFjSspnXXb4qFXa-1776456424.jpg\" src=\"http://img.springboot.cn/bb1511fc-3483-471f-80e5-c7c81fa5e1dd.jpg\" width=\"790\" height=\"375\"><br></p><p><br></p><p><img alt=\"shouhou.jpg\" src=\"http://img.springboot.cn/698e6fbe-97ea-478b-8170-008ad24030f7.jpg\" width=\"750\" height=\"150\"><br></p><p><img alt=\"999.jpg\" src=\"http://img.springboot.cn/ee276fe6-5d79-45aa-8393-ba1d210f9c89.jpg\" width=\"790\" height=\"351\"><br></p>',6999.00,91,1,'2000-04-13 21:45:41','2022-07-21 14:18:08'),(151,100006,'Midea/美的 BCD-535WKZM(E)冰箱双开门对开门风冷无霜智能电家用','送品牌烤箱，五一大促','https://cdn.cnbj1.fds.api.mi-img.com/nr-pub/202207012000_0b9df066c110f201154013ac373df1d9.png','ac3e571d-13ce-4fad-89e8-c92c2eccf536.jpeg,4bb02f1c-62d5-48cc-b358-97b05af5740d.jpeg,36bdb49c-72ae-4185-9297-78829b54b566.jpeg','<p><img alt=\"miaoshu.jpg\" src=\"http://img.springboot.cn/9c5c74e6-6615-4aa0-b1fc-c17a1eff6027.jpg\" width=\"790\" height=\"444\"><br></p><p><img alt=\"miaoshu2.jpg\" src=\"http://img.springboot.cn/31dc1a94-f354-48b8-a170-1a1a6de8751b.jpg\" width=\"790\" height=\"1441\"><img alt=\"miaoshu3.jpg\" src=\"http://img.springboot.cn/7862594b-3063-4b52-b7d4-cea980c604e0.jpg\" width=\"790\" height=\"1442\"><img alt=\"miaoshu4.jpg\" src=\"http://img.springboot.cn/9a650563-dc85-44d6-b174-d6960cfb1d6a.jpg\" width=\"790\" height=\"1441\"><br></p>',3299.00,99,1,'2000-04-13 18:51:54','2022-07-21 14:18:08'),(152,100012,'4+64G送手环/Huawei/华为 nova 手机P9/P10plus青春','NOVA青春版1999元','https://cdn.cnbj1.fds.api.mi-img.com/nr-pub/202207012000_0b9df066c110f201154013ac373df1d9.png','0093f5d3-bdb4-4fb0-bec5-5465dfd26363.jpeg,13da2172-4445-4eb5-a13f-c5d4ede8458c.jpeg,58d5d4b7-58d4-4948-81b6-2bae4f79bf02.jpeg','<p><img alt=\"11TB2fKK3cl0kpuFjSsziXXa.oVXa_!!1777180618.jpg\" src=\"http://img.springboot.cn/5c2d1c6d-9e09-48ce-bbdb-e833b42ff664.jpg\" width=\"790\" height=\"966\"><img alt=\"22TB2YP3AkEhnpuFjSZFpXXcpuXXa_!!1777180618.jpg\" src=\"http://img.springboot.cn/9a10b877-818f-4a27-b6f7-62887f3fb39d.jpg\" width=\"790\" height=\"1344\"><img alt=\"33TB2Yyshk.hnpuFjSZFpXXcpuXXa_!!1777180618.jpg\" src=\"http://img.springboot.cn/7d7fbd69-a3cb-4efe-8765-423bf8276e3e.jpg\" width=\"790\" height=\"700\"><img alt=\"TB2diyziB8kpuFjSspeXXc7IpXa_!!1777180618.jpg\" src=\"http://img.springboot.cn/1d7160d2-9dba-422f-b2a0-e92847ba6ce9.jpg\" width=\"790\" height=\"393\"><br></p>',1999.00,100,1,'2000-04-13 18:57:18','2022-07-21 06:14:51'),(153,100008,'Haier/海尔HJ100-1HU1 10公斤滚筒洗衣机全自动带烘干家用大容量 洗烘一体','门店机型 德邦送货','https://cdn.cnbj1.fds.api.mi-img.com/nr-pub/202207012000_0b9df066c110f201154013ac373df1d9.png','173335a4-5dce-4afd-9f18-a10623724c4e.jpeg,42b1b8bc-27c7-4ee1-80ab-753d216a1d49.jpeg,2f1b3de1-1eb1-4c18-8ca2-518934931bec.jpeg','<p><img alt=\"1TB2WLZrcIaK.eBjSspjXXXL.XXa_!!2114960396.jpg\" src=\"http://img.springboot.cn/ffcce953-81bd-463c-acd1-d690b263d6df.jpg\" width=\"790\" height=\"920\"><img alt=\"2TB2zhOFbZCO.eBjSZFzXXaRiVXa_!!2114960396.jpg\" src=\"http://img.springboot.cn/58a7bd25-c3e7-4248-9dba-158ef2a90e70.jpg\" width=\"790\" height=\"1052\"><img alt=\"3TB27mCtb7WM.eBjSZFhXXbdWpXa_!!2114960396.jpg\" src=\"http://img.springboot.cn/2edbe9b3-28be-4a8b-a9c3-82e40703f22f.jpg\" width=\"790\" height=\"820\"><br></p>',4299.00,100,1,'2000-04-13 19:07:47','2022-07-21 14:18:08'),(154,100002,'Apple iPhone 7 Plus (A1661) 128G 玫瑰金色 移动联通电信4G手机','iPhone 7，现更以红色呈现。','https://cdn.cnbj1.fds.api.mi-img.com/nr-pub/202207012000_0b9df066c110f201154013ac373df1d9.png','241997c4-9e62-4824-b7f0-7425c3c28917.jpeg,b6c56eb0-1748-49a9-98dc-bcc4b9788a54.jpeg,92f17532-1527-4563-aa1d-ed01baa0f7b2.jpeg,3adbe4f7-e374-4533-aa79-cc4a98c529bf.jpeg','<p><img alt=\"10000.jpg\" src=\"http://img.springboot.cn/00bce8d4-e9af-4c8d-b205-e6c75c7e252b.jpg\" width=\"790\" height=\"553\"><br></p><p><img alt=\"20000.jpg\" src=\"http://img.springboot.cn/4a70b4b4-01ee-46af-9468-31e67d0995b8.jpg\" width=\"790\" height=\"525\"><br></p><p><img alt=\"30000.jpg\" src=\"http://img.springboot.cn/0570e033-12d7-49b2-88f3-7a5d84157223.jpg\" width=\"790\" height=\"365\"><br></p><p><img alt=\"40000.jpg\" src=\"http://img.springboot.cn/50515c02-3255-44b9-a829-9e141a28c08a.jpg\" width=\"790\" height=\"525\"><br></p><p><img alt=\"50000.jpg\" src=\"http://img.springboot.cn/c138fc56-5843-4287-a029-91cf3732d034.jpg\" width=\"790\" height=\"525\"><br></p><p><img alt=\"60000.jpg\" src=\"http://img.springboot.cn/c92d1f8a-9827-453f-9d37-b10a3287e894.jpg\" width=\"790\" height=\"525\"><br></p><p><br></p><p><img alt=\"TB24p51hgFkpuFjSspnXXb4qFXa-1776456424.jpg\" src=\"http://img.springboot.cn/bb1511fc-3483-471f-80e5-c7c81fa5e1dd.jpg\" width=\"790\" height=\"375\"><br></p><p><br></p><p><img alt=\"shouhou.jpg\" src=\"http://img.springboot.cn/698e6fbe-97ea-478b-8170-008ad24030f7.jpg\" width=\"750\" height=\"150\"><br></p><p><img alt=\"999.jpg\" src=\"http://img.springboot.cn/ee276fe6-5d79-45aa-8393-ba1d210f9c89.jpg\" width=\"790\" height=\"351\"><br></p>',6999.00,91,1,'2000-04-13 21:45:41','2022-07-21 14:18:08'),(155,100006,'Midea/美的 BCD-535WKZM(E)冰箱双开门对开门风冷无霜智能电家用','送品牌烤箱，五一大促','https://cdn.cnbj1.fds.api.mi-img.com/nr-pub/202207012000_0b9df066c110f201154013ac373df1d9.png','ac3e571d-13ce-4fad-89e8-c92c2eccf536.jpeg,4bb02f1c-62d5-48cc-b358-97b05af5740d.jpeg,36bdb49c-72ae-4185-9297-78829b54b566.jpeg','<p><img alt=\"miaoshu.jpg\" src=\"http://img.springboot.cn/9c5c74e6-6615-4aa0-b1fc-c17a1eff6027.jpg\" width=\"790\" height=\"444\"><br></p><p><img alt=\"miaoshu2.jpg\" src=\"http://img.springboot.cn/31dc1a94-f354-48b8-a170-1a1a6de8751b.jpg\" width=\"790\" height=\"1441\"><img alt=\"miaoshu3.jpg\" src=\"http://img.springboot.cn/7862594b-3063-4b52-b7d4-cea980c604e0.jpg\" width=\"790\" height=\"1442\"><img alt=\"miaoshu4.jpg\" src=\"http://img.springboot.cn/9a650563-dc85-44d6-b174-d6960cfb1d6a.jpg\" width=\"790\" height=\"1441\"><br></p>',3299.00,99,1,'2000-04-13 18:51:54','2022-07-21 14:18:08'),(156,100012,'4+64G送手环/Huawei/华为 nova 手机P9/P10plus青春','NOVA青春版1999元','https://cdn.cnbj1.fds.api.mi-img.com/nr-pub/202207012000_0b9df066c110f201154013ac373df1d9.png','0093f5d3-bdb4-4fb0-bec5-5465dfd26363.jpeg,13da2172-4445-4eb5-a13f-c5d4ede8458c.jpeg,58d5d4b7-58d4-4948-81b6-2bae4f79bf02.jpeg','<p><img alt=\"11TB2fKK3cl0kpuFjSsziXXa.oVXa_!!1777180618.jpg\" src=\"http://img.springboot.cn/5c2d1c6d-9e09-48ce-bbdb-e833b42ff664.jpg\" width=\"790\" height=\"966\"><img alt=\"22TB2YP3AkEhnpuFjSZFpXXcpuXXa_!!1777180618.jpg\" src=\"http://img.springboot.cn/9a10b877-818f-4a27-b6f7-62887f3fb39d.jpg\" width=\"790\" height=\"1344\"><img alt=\"33TB2Yyshk.hnpuFjSZFpXXcpuXXa_!!1777180618.jpg\" src=\"http://img.springboot.cn/7d7fbd69-a3cb-4efe-8765-423bf8276e3e.jpg\" width=\"790\" height=\"700\"><img alt=\"TB2diyziB8kpuFjSspeXXc7IpXa_!!1777180618.jpg\" src=\"http://img.springboot.cn/1d7160d2-9dba-422f-b2a0-e92847ba6ce9.jpg\" width=\"790\" height=\"393\"><br></p>',1999.00,100,1,'2000-04-13 18:57:18','2022-07-21 14:18:08'),(157,100008,'Haier/海尔HJ100-1HU1 10公斤滚筒洗衣机全自动带烘干家用大容量 洗烘一体','门店机型 德邦送货','https://cdn.cnbj1.fds.api.mi-img.com/nr-pub/202207012000_0b9df066c110f201154013ac373df1d9.png','173335a4-5dce-4afd-9f18-a10623724c4e.jpeg,42b1b8bc-27c7-4ee1-80ab-753d216a1d49.jpeg,2f1b3de1-1eb1-4c18-8ca2-518934931bec.jpeg','<p><img alt=\"1TB2WLZrcIaK.eBjSspjXXXL.XXa_!!2114960396.jpg\" src=\"http://img.springboot.cn/ffcce953-81bd-463c-acd1-d690b263d6df.jpg\" width=\"790\" height=\"920\"><img alt=\"2TB2zhOFbZCO.eBjSZFzXXaRiVXa_!!2114960396.jpg\" src=\"http://img.springboot.cn/58a7bd25-c3e7-4248-9dba-158ef2a90e70.jpg\" width=\"790\" height=\"1052\"><img alt=\"3TB27mCtb7WM.eBjSZFhXXbdWpXa_!!2114960396.jpg\" src=\"http://img.springboot.cn/2edbe9b3-28be-4a8b-a9c3-82e40703f22f.jpg\" width=\"790\" height=\"820\"><br></p>',4299.00,100,1,'2000-04-13 19:07:47','2022-07-21 14:18:08'),(158,100002,'Apple iPhone 7 Plus (A1661) 128G 玫瑰金色 移动联通电信4G手机','iPhone 7，现更以红色呈现。','https://cdn.cnbj1.fds.api.mi-img.com/nr-pub/202207012000_0b9df066c110f201154013ac373df1d9.png','241997c4-9e62-4824-b7f0-7425c3c28917.jpeg,b6c56eb0-1748-49a9-98dc-bcc4b9788a54.jpeg,92f17532-1527-4563-aa1d-ed01baa0f7b2.jpeg,3adbe4f7-e374-4533-aa79-cc4a98c529bf.jpeg','<p><img alt=\"10000.jpg\" src=\"http://img.springboot.cn/00bce8d4-e9af-4c8d-b205-e6c75c7e252b.jpg\" width=\"790\" height=\"553\"><br></p><p><img alt=\"20000.jpg\" src=\"http://img.springboot.cn/4a70b4b4-01ee-46af-9468-31e67d0995b8.jpg\" width=\"790\" height=\"525\"><br></p><p><img alt=\"30000.jpg\" src=\"http://img.springboot.cn/0570e033-12d7-49b2-88f3-7a5d84157223.jpg\" width=\"790\" height=\"365\"><br></p><p><img alt=\"40000.jpg\" src=\"http://img.springboot.cn/50515c02-3255-44b9-a829-9e141a28c08a.jpg\" width=\"790\" height=\"525\"><br></p><p><img alt=\"50000.jpg\" src=\"http://img.springboot.cn/c138fc56-5843-4287-a029-91cf3732d034.jpg\" width=\"790\" height=\"525\"><br></p><p><img alt=\"60000.jpg\" src=\"http://img.springboot.cn/c92d1f8a-9827-453f-9d37-b10a3287e894.jpg\" width=\"790\" height=\"525\"><br></p><p><br></p><p><img alt=\"TB24p51hgFkpuFjSspnXXb4qFXa-1776456424.jpg\" src=\"http://img.springboot.cn/bb1511fc-3483-471f-80e5-c7c81fa5e1dd.jpg\" width=\"790\" height=\"375\"><br></p><p><br></p><p><img alt=\"shouhou.jpg\" src=\"http://img.springboot.cn/698e6fbe-97ea-478b-8170-008ad24030f7.jpg\" width=\"750\" height=\"150\"><br></p><p><img alt=\"999.jpg\" src=\"http://img.springboot.cn/ee276fe6-5d79-45aa-8393-ba1d210f9c89.jpg\" width=\"790\" height=\"351\"><br></p>',6999.00,91,1,'2000-04-13 21:45:41','2022-07-21 14:18:08'),(159,100006,'Midea/美的 BCD-535WKZM(E)冰箱双开门对开门风冷无霜智能电家用','送品牌烤箱，五一大促','https://cdn.cnbj1.fds.api.mi-img.com/nr-pub/202207012000_0b9df066c110f201154013ac373df1d9.png','ac3e571d-13ce-4fad-89e8-c92c2eccf536.jpeg,4bb02f1c-62d5-48cc-b358-97b05af5740d.jpeg,36bdb49c-72ae-4185-9297-78829b54b566.jpeg','<p><img alt=\"miaoshu.jpg\" src=\"http://img.springboot.cn/9c5c74e6-6615-4aa0-b1fc-c17a1eff6027.jpg\" width=\"790\" height=\"444\"><br></p><p><img alt=\"miaoshu2.jpg\" src=\"http://img.springboot.cn/31dc1a94-f354-48b8-a170-1a1a6de8751b.jpg\" width=\"790\" height=\"1441\"><img alt=\"miaoshu3.jpg\" src=\"http://img.springboot.cn/7862594b-3063-4b52-b7d4-cea980c604e0.jpg\" width=\"790\" height=\"1442\"><img alt=\"miaoshu4.jpg\" src=\"http://img.springboot.cn/9a650563-dc85-44d6-b174-d6960cfb1d6a.jpg\" width=\"790\" height=\"1441\"><br></p>',3299.00,99,1,'2000-04-13 18:51:54','2022-07-21 14:18:08'),(160,100012,'4+64G送手环/Huawei/华为 nova 手机P9/P10plus青春','NOVA青春版1999元','https://cdn.cnbj1.fds.api.mi-img.com/nr-pub/202207012000_0b9df066c110f201154013ac373df1d9.png','0093f5d3-bdb4-4fb0-bec5-5465dfd26363.jpeg,13da2172-4445-4eb5-a13f-c5d4ede8458c.jpeg,58d5d4b7-58d4-4948-81b6-2bae4f79bf02.jpeg','<p><img alt=\"11TB2fKK3cl0kpuFjSsziXXa.oVXa_!!1777180618.jpg\" src=\"http://img.springboot.cn/5c2d1c6d-9e09-48ce-bbdb-e833b42ff664.jpg\" width=\"790\" height=\"966\"><img alt=\"22TB2YP3AkEhnpuFjSZFpXXcpuXXa_!!1777180618.jpg\" src=\"http://img.springboot.cn/9a10b877-818f-4a27-b6f7-62887f3fb39d.jpg\" width=\"790\" height=\"1344\"><img alt=\"33TB2Yyshk.hnpuFjSZFpXXcpuXXa_!!1777180618.jpg\" src=\"http://img.springboot.cn/7d7fbd69-a3cb-4efe-8765-423bf8276e3e.jpg\" width=\"790\" height=\"700\"><img alt=\"TB2diyziB8kpuFjSspeXXc7IpXa_!!1777180618.jpg\" src=\"http://img.springboot.cn/1d7160d2-9dba-422f-b2a0-e92847ba6ce9.jpg\" width=\"790\" height=\"393\"><br></p>',1999.00,100,1,'2000-04-13 18:57:18','2022-07-21 14:18:08'),(161,100008,'Haier/海尔HJ100-1HU1 10公斤滚筒洗衣机全自动带烘干家用大容量 洗烘一体','门店机型 德邦送货','https://cdn.cnbj1.fds.api.mi-img.com/nr-pub/202207012000_0b9df066c110f201154013ac373df1d9.png','173335a4-5dce-4afd-9f18-a10623724c4e.jpeg,42b1b8bc-27c7-4ee1-80ab-753d216a1d49.jpeg,2f1b3de1-1eb1-4c18-8ca2-518934931bec.jpeg','<p><img alt=\"1TB2WLZrcIaK.eBjSspjXXXL.XXa_!!2114960396.jpg\" src=\"http://img.springboot.cn/ffcce953-81bd-463c-acd1-d690b263d6df.jpg\" width=\"790\" height=\"920\"><img alt=\"2TB2zhOFbZCO.eBjSZFzXXaRiVXa_!!2114960396.jpg\" src=\"http://img.springboot.cn/58a7bd25-c3e7-4248-9dba-158ef2a90e70.jpg\" width=\"790\" height=\"1052\"><img alt=\"3TB27mCtb7WM.eBjSZFhXXbdWpXa_!!2114960396.jpg\" src=\"http://img.springboot.cn/2edbe9b3-28be-4a8b-a9c3-82e40703f22f.jpg\" width=\"790\" height=\"820\"><br></p>',4299.00,100,1,'2000-04-13 19:07:47','2022-07-21 14:18:08'),(162,100002,'Apple iPhone 7 Plus (A1661) 128G 玫瑰金色 移动联通电信4G手机','iPhone 7，现更以红色呈现。','https://cdn.cnbj1.fds.api.mi-img.com/nr-pub/202207012000_0b9df066c110f201154013ac373df1d9.png','241997c4-9e62-4824-b7f0-7425c3c28917.jpeg,b6c56eb0-1748-49a9-98dc-bcc4b9788a54.jpeg,92f17532-1527-4563-aa1d-ed01baa0f7b2.jpeg,3adbe4f7-e374-4533-aa79-cc4a98c529bf.jpeg','<p><img alt=\"10000.jpg\" src=\"http://img.springboot.cn/00bce8d4-e9af-4c8d-b205-e6c75c7e252b.jpg\" width=\"790\" height=\"553\"><br></p><p><img alt=\"20000.jpg\" src=\"http://img.springboot.cn/4a70b4b4-01ee-46af-9468-31e67d0995b8.jpg\" width=\"790\" height=\"525\"><br></p><p><img alt=\"30000.jpg\" src=\"http://img.springboot.cn/0570e033-12d7-49b2-88f3-7a5d84157223.jpg\" width=\"790\" height=\"365\"><br></p><p><img alt=\"40000.jpg\" src=\"http://img.springboot.cn/50515c02-3255-44b9-a829-9e141a28c08a.jpg\" width=\"790\" height=\"525\"><br></p><p><img alt=\"50000.jpg\" src=\"http://img.springboot.cn/c138fc56-5843-4287-a029-91cf3732d034.jpg\" width=\"790\" height=\"525\"><br></p><p><img alt=\"60000.jpg\" src=\"http://img.springboot.cn/c92d1f8a-9827-453f-9d37-b10a3287e894.jpg\" width=\"790\" height=\"525\"><br></p><p><br></p><p><img alt=\"TB24p51hgFkpuFjSspnXXb4qFXa-1776456424.jpg\" src=\"http://img.springboot.cn/bb1511fc-3483-471f-80e5-c7c81fa5e1dd.jpg\" width=\"790\" height=\"375\"><br></p><p><br></p><p><img alt=\"shouhou.jpg\" src=\"http://img.springboot.cn/698e6fbe-97ea-478b-8170-008ad24030f7.jpg\" width=\"750\" height=\"150\"><br></p><p><img alt=\"999.jpg\" src=\"http://img.springboot.cn/ee276fe6-5d79-45aa-8393-ba1d210f9c89.jpg\" width=\"790\" height=\"351\"><br></p>',6999.00,91,1,'2000-04-13 21:45:41','2022-07-21 14:18:08'),(163,100006,'Midea/美的 BCD-535WKZM(E)冰箱双开门对开门风冷无霜智能电家用','送品牌烤箱，五一大促','https://cdn.cnbj1.fds.api.mi-img.com/nr-pub/202207012000_0b9df066c110f201154013ac373df1d9.png','ac3e571d-13ce-4fad-89e8-c92c2eccf536.jpeg,4bb02f1c-62d5-48cc-b358-97b05af5740d.jpeg,36bdb49c-72ae-4185-9297-78829b54b566.jpeg','<p><img alt=\"miaoshu.jpg\" src=\"http://img.springboot.cn/9c5c74e6-6615-4aa0-b1fc-c17a1eff6027.jpg\" width=\"790\" height=\"444\"><br></p><p><img alt=\"miaoshu2.jpg\" src=\"http://img.springboot.cn/31dc1a94-f354-48b8-a170-1a1a6de8751b.jpg\" width=\"790\" height=\"1441\"><img alt=\"miaoshu3.jpg\" src=\"http://img.springboot.cn/7862594b-3063-4b52-b7d4-cea980c604e0.jpg\" width=\"790\" height=\"1442\"><img alt=\"miaoshu4.jpg\" src=\"http://img.springboot.cn/9a650563-dc85-44d6-b174-d6960cfb1d6a.jpg\" width=\"790\" height=\"1441\"><br></p>',3299.00,99,1,'2000-04-13 18:51:54','2022-07-21 14:18:08'),(164,100012,'4+64G送手环/Huawei/华为 nova 手机P9/P10plus青春','NOVA青春版1999元','https://cdn.cnbj1.fds.api.mi-img.com/nr-pub/202207012000_0b9df066c110f201154013ac373df1d9.png','0093f5d3-bdb4-4fb0-bec5-5465dfd26363.jpeg,13da2172-4445-4eb5-a13f-c5d4ede8458c.jpeg,58d5d4b7-58d4-4948-81b6-2bae4f79bf02.jpeg','<p><img alt=\"11TB2fKK3cl0kpuFjSsziXXa.oVXa_!!1777180618.jpg\" src=\"http://img.springboot.cn/5c2d1c6d-9e09-48ce-bbdb-e833b42ff664.jpg\" width=\"790\" height=\"966\"><img alt=\"22TB2YP3AkEhnpuFjSZFpXXcpuXXa_!!1777180618.jpg\" src=\"http://img.springboot.cn/9a10b877-818f-4a27-b6f7-62887f3fb39d.jpg\" width=\"790\" height=\"1344\"><img alt=\"33TB2Yyshk.hnpuFjSZFpXXcpuXXa_!!1777180618.jpg\" src=\"http://img.springboot.cn/7d7fbd69-a3cb-4efe-8765-423bf8276e3e.jpg\" width=\"790\" height=\"700\"><img alt=\"TB2diyziB8kpuFjSspeXXc7IpXa_!!1777180618.jpg\" src=\"http://img.springboot.cn/1d7160d2-9dba-422f-b2a0-e92847ba6ce9.jpg\" width=\"790\" height=\"393\"><br></p>',1999.00,100,1,'2000-04-13 18:57:18','2022-07-21 14:18:08'),(165,100008,'Haier/海尔HJ100-1HU1 10公斤滚筒洗衣机全自动带烘干家用大容量 洗烘一体','门店机型 德邦送货','https://cdn.cnbj1.fds.api.mi-img.com/nr-pub/202207012000_0b9df066c110f201154013ac373df1d9.png','173335a4-5dce-4afd-9f18-a10623724c4e.jpeg,42b1b8bc-27c7-4ee1-80ab-753d216a1d49.jpeg,2f1b3de1-1eb1-4c18-8ca2-518934931bec.jpeg','<p><img alt=\"1TB2WLZrcIaK.eBjSspjXXXL.XXa_!!2114960396.jpg\" src=\"http://img.springboot.cn/ffcce953-81bd-463c-acd1-d690b263d6df.jpg\" width=\"790\" height=\"920\"><img alt=\"2TB2zhOFbZCO.eBjSZFzXXaRiVXa_!!2114960396.jpg\" src=\"http://img.springboot.cn/58a7bd25-c3e7-4248-9dba-158ef2a90e70.jpg\" width=\"790\" height=\"1052\"><img alt=\"3TB27mCtb7WM.eBjSZFhXXbdWpXa_!!2114960396.jpg\" src=\"http://img.springboot.cn/2edbe9b3-28be-4a8b-a9c3-82e40703f22f.jpg\" width=\"790\" height=\"820\"><br></p>',4299.00,100,1,'2000-04-13 19:07:47','2022-07-21 14:18:08'),(166,100002,'Apple iPhone 7 Plus (A1661) 128G 玫瑰金色 移动联通电信4G手机','iPhone 7，现更以红色呈现。','https://cdn.cnbj1.fds.api.mi-img.com/nr-pub/202207012000_0b9df066c110f201154013ac373df1d9.png','241997c4-9e62-4824-b7f0-7425c3c28917.jpeg,b6c56eb0-1748-49a9-98dc-bcc4b9788a54.jpeg,92f17532-1527-4563-aa1d-ed01baa0f7b2.jpeg,3adbe4f7-e374-4533-aa79-cc4a98c529bf.jpeg','<p><img alt=\"10000.jpg\" src=\"http://img.springboot.cn/00bce8d4-e9af-4c8d-b205-e6c75c7e252b.jpg\" width=\"790\" height=\"553\"><br></p><p><img alt=\"20000.jpg\" src=\"http://img.springboot.cn/4a70b4b4-01ee-46af-9468-31e67d0995b8.jpg\" width=\"790\" height=\"525\"><br></p><p><img alt=\"30000.jpg\" src=\"http://img.springboot.cn/0570e033-12d7-49b2-88f3-7a5d84157223.jpg\" width=\"790\" height=\"365\"><br></p><p><img alt=\"40000.jpg\" src=\"http://img.springboot.cn/50515c02-3255-44b9-a829-9e141a28c08a.jpg\" width=\"790\" height=\"525\"><br></p><p><img alt=\"50000.jpg\" src=\"http://img.springboot.cn/c138fc56-5843-4287-a029-91cf3732d034.jpg\" width=\"790\" height=\"525\"><br></p><p><img alt=\"60000.jpg\" src=\"http://img.springboot.cn/c92d1f8a-9827-453f-9d37-b10a3287e894.jpg\" width=\"790\" height=\"525\"><br></p><p><br></p><p><img alt=\"TB24p51hgFkpuFjSspnXXb4qFXa-1776456424.jpg\" src=\"http://img.springboot.cn/bb1511fc-3483-471f-80e5-c7c81fa5e1dd.jpg\" width=\"790\" height=\"375\"><br></p><p><br></p><p><img alt=\"shouhou.jpg\" src=\"http://img.springboot.cn/698e6fbe-97ea-478b-8170-008ad24030f7.jpg\" width=\"750\" height=\"150\"><br></p><p><img alt=\"999.jpg\" src=\"http://img.springboot.cn/ee276fe6-5d79-45aa-8393-ba1d210f9c89.jpg\" width=\"790\" height=\"351\"><br></p>',6999.00,91,1,'2000-04-13 21:45:41','2022-07-21 14:18:08'),(167,100006,'Midea/美的 BCD-535WKZM(E)冰箱双开门对开门风冷无霜智能电家用','送品牌烤箱，五一大促','https://cdn.cnbj1.fds.api.mi-img.com/nr-pub/202207012000_0b9df066c110f201154013ac373df1d9.png','ac3e571d-13ce-4fad-89e8-c92c2eccf536.jpeg,4bb02f1c-62d5-48cc-b358-97b05af5740d.jpeg,36bdb49c-72ae-4185-9297-78829b54b566.jpeg','<p><img alt=\"miaoshu.jpg\" src=\"http://img.springboot.cn/9c5c74e6-6615-4aa0-b1fc-c17a1eff6027.jpg\" width=\"790\" height=\"444\"><br></p><p><img alt=\"miaoshu2.jpg\" src=\"http://img.springboot.cn/31dc1a94-f354-48b8-a170-1a1a6de8751b.jpg\" width=\"790\" height=\"1441\"><img alt=\"miaoshu3.jpg\" src=\"http://img.springboot.cn/7862594b-3063-4b52-b7d4-cea980c604e0.jpg\" width=\"790\" height=\"1442\"><img alt=\"miaoshu4.jpg\" src=\"http://img.springboot.cn/9a650563-dc85-44d6-b174-d6960cfb1d6a.jpg\" width=\"790\" height=\"1441\"><br></p>',3299.00,99,1,'2000-04-13 18:51:54','2022-07-21 14:18:08'),(168,100012,'4+64G送手环/Huawei/华为 nova 手机P9/P10plus青春','NOVA青春版1999元','https://cdn.cnbj1.fds.api.mi-img.com/nr-pub/202207012000_0b9df066c110f201154013ac373df1d9.png','0093f5d3-bdb4-4fb0-bec5-5465dfd26363.jpeg,13da2172-4445-4eb5-a13f-c5d4ede8458c.jpeg,58d5d4b7-58d4-4948-81b6-2bae4f79bf02.jpeg','<p><img alt=\"11TB2fKK3cl0kpuFjSsziXXa.oVXa_!!1777180618.jpg\" src=\"http://img.springboot.cn/5c2d1c6d-9e09-48ce-bbdb-e833b42ff664.jpg\" width=\"790\" height=\"966\"><img alt=\"22TB2YP3AkEhnpuFjSZFpXXcpuXXa_!!1777180618.jpg\" src=\"http://img.springboot.cn/9a10b877-818f-4a27-b6f7-62887f3fb39d.jpg\" width=\"790\" height=\"1344\"><img alt=\"33TB2Yyshk.hnpuFjSZFpXXcpuXXa_!!1777180618.jpg\" src=\"http://img.springboot.cn/7d7fbd69-a3cb-4efe-8765-423bf8276e3e.jpg\" width=\"790\" height=\"700\"><img alt=\"TB2diyziB8kpuFjSspeXXc7IpXa_!!1777180618.jpg\" src=\"http://img.springboot.cn/1d7160d2-9dba-422f-b2a0-e92847ba6ce9.jpg\" width=\"790\" height=\"393\"><br></p>',1999.00,100,1,'2000-04-13 18:57:18','2022-07-21 06:06:26'),(169,100008,'Haier/海尔HJ100-1HU1 10公斤滚筒洗衣机全自动带烘干家用大容量 洗烘一体','门店机型 德邦送货','https://cdn.cnbj1.fds.api.mi-img.com/nr-pub/202207012000_0b9df066c110f201154013ac373df1d9.png','173335a4-5dce-4afd-9f18-a10623724c4e.jpeg,42b1b8bc-27c7-4ee1-80ab-753d216a1d49.jpeg,2f1b3de1-1eb1-4c18-8ca2-518934931bec.jpeg','<p><img alt=\"1TB2WLZrcIaK.eBjSspjXXXL.XXa_!!2114960396.jpg\" src=\"http://img.springboot.cn/ffcce953-81bd-463c-acd1-d690b263d6df.jpg\" width=\"790\" height=\"920\"><img alt=\"2TB2zhOFbZCO.eBjSZFzXXaRiVXa_!!2114960396.jpg\" src=\"http://img.springboot.cn/58a7bd25-c3e7-4248-9dba-158ef2a90e70.jpg\" width=\"790\" height=\"1052\"><img alt=\"3TB27mCtb7WM.eBjSZFhXXbdWpXa_!!2114960396.jpg\" src=\"http://img.springboot.cn/2edbe9b3-28be-4a8b-a9c3-82e40703f22f.jpg\" width=\"790\" height=\"820\"><br></p>',4299.00,100,1,'2000-04-13 19:07:47','2022-07-21 14:18:08'),(170,100002,'Apple iPhone 7 Plus (A1661) 128G 玫瑰金色 移动联通电信4G手机','iPhone 7，现更以红色呈现。','https://cdn.cnbj1.fds.api.mi-img.com/nr-pub/202207012000_0b9df066c110f201154013ac373df1d9.png','241997c4-9e62-4824-b7f0-7425c3c28917.jpeg,b6c56eb0-1748-49a9-98dc-bcc4b9788a54.jpeg,92f17532-1527-4563-aa1d-ed01baa0f7b2.jpeg,3adbe4f7-e374-4533-aa79-cc4a98c529bf.jpeg','<p><img alt=\"10000.jpg\" src=\"http://img.springboot.cn/00bce8d4-e9af-4c8d-b205-e6c75c7e252b.jpg\" width=\"790\" height=\"553\"><br></p><p><img alt=\"20000.jpg\" src=\"http://img.springboot.cn/4a70b4b4-01ee-46af-9468-31e67d0995b8.jpg\" width=\"790\" height=\"525\"><br></p><p><img alt=\"30000.jpg\" src=\"http://img.springboot.cn/0570e033-12d7-49b2-88f3-7a5d84157223.jpg\" width=\"790\" height=\"365\"><br></p><p><img alt=\"40000.jpg\" src=\"http://img.springboot.cn/50515c02-3255-44b9-a829-9e141a28c08a.jpg\" width=\"790\" height=\"525\"><br></p><p><img alt=\"50000.jpg\" src=\"http://img.springboot.cn/c138fc56-5843-4287-a029-91cf3732d034.jpg\" width=\"790\" height=\"525\"><br></p><p><img alt=\"60000.jpg\" src=\"http://img.springboot.cn/c92d1f8a-9827-453f-9d37-b10a3287e894.jpg\" width=\"790\" height=\"525\"><br></p><p><br></p><p><img alt=\"TB24p51hgFkpuFjSspnXXb4qFXa-1776456424.jpg\" src=\"http://img.springboot.cn/bb1511fc-3483-471f-80e5-c7c81fa5e1dd.jpg\" width=\"790\" height=\"375\"><br></p><p><br></p><p><img alt=\"shouhou.jpg\" src=\"http://img.springboot.cn/698e6fbe-97ea-478b-8170-008ad24030f7.jpg\" width=\"750\" height=\"150\"><br></p><p><img alt=\"999.jpg\" src=\"http://img.springboot.cn/ee276fe6-5d79-45aa-8393-ba1d210f9c89.jpg\" width=\"790\" height=\"351\"><br></p>',6999.00,91,1,'2000-04-13 21:45:41','2022-07-21 14:18:08'),(171,100006,'Midea/美的 BCD-535WKZM(E)冰箱双开门对开门风冷无霜智能电家用','送品牌烤箱，五一大促','https://cdn.cnbj1.fds.api.mi-img.com/nr-pub/202207012000_0b9df066c110f201154013ac373df1d9.png','ac3e571d-13ce-4fad-89e8-c92c2eccf536.jpeg,4bb02f1c-62d5-48cc-b358-97b05af5740d.jpeg,36bdb49c-72ae-4185-9297-78829b54b566.jpeg','<p><img alt=\"miaoshu.jpg\" src=\"http://img.springboot.cn/9c5c74e6-6615-4aa0-b1fc-c17a1eff6027.jpg\" width=\"790\" height=\"444\"><br></p><p><img alt=\"miaoshu2.jpg\" src=\"http://img.springboot.cn/31dc1a94-f354-48b8-a170-1a1a6de8751b.jpg\" width=\"790\" height=\"1441\"><img alt=\"miaoshu3.jpg\" src=\"http://img.springboot.cn/7862594b-3063-4b52-b7d4-cea980c604e0.jpg\" width=\"790\" height=\"1442\"><img alt=\"miaoshu4.jpg\" src=\"http://img.springboot.cn/9a650563-dc85-44d6-b174-d6960cfb1d6a.jpg\" width=\"790\" height=\"1441\"><br></p>',3299.00,99,1,'2000-04-13 18:51:54','2022-07-21 14:18:08'),(172,100012,'4+64G送手环/Huawei/华为 nova 手机P9/P10plus青春','NOVA青春版1999元','https://cdn.cnbj1.fds.api.mi-img.com/nr-pub/202207012000_0b9df066c110f201154013ac373df1d9.png','0093f5d3-bdb4-4fb0-bec5-5465dfd26363.jpeg,13da2172-4445-4eb5-a13f-c5d4ede8458c.jpeg,58d5d4b7-58d4-4948-81b6-2bae4f79bf02.jpeg','<p><img alt=\"11TB2fKK3cl0kpuFjSsziXXa.oVXa_!!1777180618.jpg\" src=\"http://img.springboot.cn/5c2d1c6d-9e09-48ce-bbdb-e833b42ff664.jpg\" width=\"790\" height=\"966\"><img alt=\"22TB2YP3AkEhnpuFjSZFpXXcpuXXa_!!1777180618.jpg\" src=\"http://img.springboot.cn/9a10b877-818f-4a27-b6f7-62887f3fb39d.jpg\" width=\"790\" height=\"1344\"><img alt=\"33TB2Yyshk.hnpuFjSZFpXXcpuXXa_!!1777180618.jpg\" src=\"http://img.springboot.cn/7d7fbd69-a3cb-4efe-8765-423bf8276e3e.jpg\" width=\"790\" height=\"700\"><img alt=\"TB2diyziB8kpuFjSspeXXc7IpXa_!!1777180618.jpg\" src=\"http://img.springboot.cn/1d7160d2-9dba-422f-b2a0-e92847ba6ce9.jpg\" width=\"790\" height=\"393\"><br></p>',1999.00,100,1,'2000-04-13 18:57:18','2022-07-21 06:09:54'),(173,100008,'Haier/海尔HJ100-1HU1 10公斤滚筒洗衣机全自动带烘干家用大容量 洗烘一体','门店机型 德邦送货','https://cdn.cnbj1.fds.api.mi-img.com/nr-pub/202207012000_0b9df066c110f201154013ac373df1d9.png','173335a4-5dce-4afd-9f18-a10623724c4e.jpeg,42b1b8bc-27c7-4ee1-80ab-753d216a1d49.jpeg,2f1b3de1-1eb1-4c18-8ca2-518934931bec.jpeg','<p><img alt=\"1TB2WLZrcIaK.eBjSspjXXXL.XXa_!!2114960396.jpg\" src=\"http://img.springboot.cn/ffcce953-81bd-463c-acd1-d690b263d6df.jpg\" width=\"790\" height=\"920\"><img alt=\"2TB2zhOFbZCO.eBjSZFzXXaRiVXa_!!2114960396.jpg\" src=\"http://img.springboot.cn/58a7bd25-c3e7-4248-9dba-158ef2a90e70.jpg\" width=\"790\" height=\"1052\"><img alt=\"3TB27mCtb7WM.eBjSZFhXXbdWpXa_!!2114960396.jpg\" src=\"http://img.springboot.cn/2edbe9b3-28be-4a8b-a9c3-82e40703f22f.jpg\" width=\"790\" height=\"820\"><br></p>',4299.00,100,1,'2000-04-13 19:07:47','2022-07-21 14:18:08'),(174,100002,'Apple iPhone 7 Plus (A1661) 128G 玫瑰金色 移动联通电信4G手机','iPhone 7，现更以红色呈现。','https://cdn.cnbj1.fds.api.mi-img.com/nr-pub/202207012000_0b9df066c110f201154013ac373df1d9.png','241997c4-9e62-4824-b7f0-7425c3c28917.jpeg,b6c56eb0-1748-49a9-98dc-bcc4b9788a54.jpeg,92f17532-1527-4563-aa1d-ed01baa0f7b2.jpeg,3adbe4f7-e374-4533-aa79-cc4a98c529bf.jpeg','<p><img alt=\"10000.jpg\" src=\"http://img.springboot.cn/00bce8d4-e9af-4c8d-b205-e6c75c7e252b.jpg\" width=\"790\" height=\"553\"><br></p><p><img alt=\"20000.jpg\" src=\"http://img.springboot.cn/4a70b4b4-01ee-46af-9468-31e67d0995b8.jpg\" width=\"790\" height=\"525\"><br></p><p><img alt=\"30000.jpg\" src=\"http://img.springboot.cn/0570e033-12d7-49b2-88f3-7a5d84157223.jpg\" width=\"790\" height=\"365\"><br></p><p><img alt=\"40000.jpg\" src=\"http://img.springboot.cn/50515c02-3255-44b9-a829-9e141a28c08a.jpg\" width=\"790\" height=\"525\"><br></p><p><img alt=\"50000.jpg\" src=\"http://img.springboot.cn/c138fc56-5843-4287-a029-91cf3732d034.jpg\" width=\"790\" height=\"525\"><br></p><p><img alt=\"60000.jpg\" src=\"http://img.springboot.cn/c92d1f8a-9827-453f-9d37-b10a3287e894.jpg\" width=\"790\" height=\"525\"><br></p><p><br></p><p><img alt=\"TB24p51hgFkpuFjSspnXXb4qFXa-1776456424.jpg\" src=\"http://img.springboot.cn/bb1511fc-3483-471f-80e5-c7c81fa5e1dd.jpg\" width=\"790\" height=\"375\"><br></p><p><br></p><p><img alt=\"shouhou.jpg\" src=\"http://img.springboot.cn/698e6fbe-97ea-478b-8170-008ad24030f7.jpg\" width=\"750\" height=\"150\"><br></p><p><img alt=\"999.jpg\" src=\"http://img.springboot.cn/ee276fe6-5d79-45aa-8393-ba1d210f9c89.jpg\" width=\"790\" height=\"351\"><br></p>',6999.00,91,1,'2000-04-13 21:45:41','2022-07-21 14:18:08'),(175,100006,'Midea/美的 BCD-535WKZM(E)冰箱双开门对开门风冷无霜智能电家用','送品牌烤箱，五一大促','https://cdn.cnbj1.fds.api.mi-img.com/nr-pub/202207012000_0b9df066c110f201154013ac373df1d9.png','ac3e571d-13ce-4fad-89e8-c92c2eccf536.jpeg,4bb02f1c-62d5-48cc-b358-97b05af5740d.jpeg,36bdb49c-72ae-4185-9297-78829b54b566.jpeg','<p><img alt=\"miaoshu.jpg\" src=\"http://img.springboot.cn/9c5c74e6-6615-4aa0-b1fc-c17a1eff6027.jpg\" width=\"790\" height=\"444\"><br></p><p><img alt=\"miaoshu2.jpg\" src=\"http://img.springboot.cn/31dc1a94-f354-48b8-a170-1a1a6de8751b.jpg\" width=\"790\" height=\"1441\"><img alt=\"miaoshu3.jpg\" src=\"http://img.springboot.cn/7862594b-3063-4b52-b7d4-cea980c604e0.jpg\" width=\"790\" height=\"1442\"><img alt=\"miaoshu4.jpg\" src=\"http://img.springboot.cn/9a650563-dc85-44d6-b174-d6960cfb1d6a.jpg\" width=\"790\" height=\"1441\"><br></p>',3299.00,99,1,'2000-04-13 18:51:54','2022-07-21 14:18:08'),(176,100012,'4+64G送手环/Huawei/华为 nova 手机P9/P10plus青春','NOVA青春版1999元','https://cdn.cnbj1.fds.api.mi-img.com/nr-pub/202207012000_0b9df066c110f201154013ac373df1d9.png','0093f5d3-bdb4-4fb0-bec5-5465dfd26363.jpeg,13da2172-4445-4eb5-a13f-c5d4ede8458c.jpeg,58d5d4b7-58d4-4948-81b6-2bae4f79bf02.jpeg','<p><img alt=\"11TB2fKK3cl0kpuFjSsziXXa.oVXa_!!1777180618.jpg\" src=\"http://img.springboot.cn/5c2d1c6d-9e09-48ce-bbdb-e833b42ff664.jpg\" width=\"790\" height=\"966\"><img alt=\"22TB2YP3AkEhnpuFjSZFpXXcpuXXa_!!1777180618.jpg\" src=\"http://img.springboot.cn/9a10b877-818f-4a27-b6f7-62887f3fb39d.jpg\" width=\"790\" height=\"1344\"><img alt=\"33TB2Yyshk.hnpuFjSZFpXXcpuXXa_!!1777180618.jpg\" src=\"http://img.springboot.cn/7d7fbd69-a3cb-4efe-8765-423bf8276e3e.jpg\" width=\"790\" height=\"700\"><img alt=\"TB2diyziB8kpuFjSspeXXc7IpXa_!!1777180618.jpg\" src=\"http://img.springboot.cn/1d7160d2-9dba-422f-b2a0-e92847ba6ce9.jpg\" width=\"790\" height=\"393\"><br></p>',1999.00,100,1,'2000-04-13 18:57:18','2022-07-21 06:11:28'),(177,100008,'Haier/海尔HJ100-1HU1 10公斤滚筒洗衣机全自动带烘干家用大容量 洗烘一体','门店机型 德邦送货','https://cdn.cnbj1.fds.api.mi-img.com/nr-pub/202207012000_0b9df066c110f201154013ac373df1d9.png','173335a4-5dce-4afd-9f18-a10623724c4e.jpeg,42b1b8bc-27c7-4ee1-80ab-753d216a1d49.jpeg,2f1b3de1-1eb1-4c18-8ca2-518934931bec.jpeg','<p><img alt=\"1TB2WLZrcIaK.eBjSspjXXXL.XXa_!!2114960396.jpg\" src=\"http://img.springboot.cn/ffcce953-81bd-463c-acd1-d690b263d6df.jpg\" width=\"790\" height=\"920\"><img alt=\"2TB2zhOFbZCO.eBjSZFzXXaRiVXa_!!2114960396.jpg\" src=\"http://img.springboot.cn/58a7bd25-c3e7-4248-9dba-158ef2a90e70.jpg\" width=\"790\" height=\"1052\"><img alt=\"3TB27mCtb7WM.eBjSZFhXXbdWpXa_!!2114960396.jpg\" src=\"http://img.springboot.cn/2edbe9b3-28be-4a8b-a9c3-82e40703f22f.jpg\" width=\"790\" height=\"820\"><br></p>',4299.00,100,1,'2000-04-13 19:07:47','2022-07-21 14:18:08'),(178,100002,'Apple iPhone 7 Plus (A1661) 128G 玫瑰金色 移动联通电信4G手机','iPhone 7，现更以红色呈现。','https://cdn.cnbj1.fds.api.mi-img.com/nr-pub/202207012000_0b9df066c110f201154013ac373df1d9.png','241997c4-9e62-4824-b7f0-7425c3c28917.jpeg,b6c56eb0-1748-49a9-98dc-bcc4b9788a54.jpeg,92f17532-1527-4563-aa1d-ed01baa0f7b2.jpeg,3adbe4f7-e374-4533-aa79-cc4a98c529bf.jpeg','<p><img alt=\"10000.jpg\" src=\"http://img.springboot.cn/00bce8d4-e9af-4c8d-b205-e6c75c7e252b.jpg\" width=\"790\" height=\"553\"><br></p><p><img alt=\"20000.jpg\" src=\"http://img.springboot.cn/4a70b4b4-01ee-46af-9468-31e67d0995b8.jpg\" width=\"790\" height=\"525\"><br></p><p><img alt=\"30000.jpg\" src=\"http://img.springboot.cn/0570e033-12d7-49b2-88f3-7a5d84157223.jpg\" width=\"790\" height=\"365\"><br></p><p><img alt=\"40000.jpg\" src=\"http://img.springboot.cn/50515c02-3255-44b9-a829-9e141a28c08a.jpg\" width=\"790\" height=\"525\"><br></p><p><img alt=\"50000.jpg\" src=\"http://img.springboot.cn/c138fc56-5843-4287-a029-91cf3732d034.jpg\" width=\"790\" height=\"525\"><br></p><p><img alt=\"60000.jpg\" src=\"http://img.springboot.cn/c92d1f8a-9827-453f-9d37-b10a3287e894.jpg\" width=\"790\" height=\"525\"><br></p><p><br></p><p><img alt=\"TB24p51hgFkpuFjSspnXXb4qFXa-1776456424.jpg\" src=\"http://img.springboot.cn/bb1511fc-3483-471f-80e5-c7c81fa5e1dd.jpg\" width=\"790\" height=\"375\"><br></p><p><br></p><p><img alt=\"shouhou.jpg\" src=\"http://img.springboot.cn/698e6fbe-97ea-478b-8170-008ad24030f7.jpg\" width=\"750\" height=\"150\"><br></p><p><img alt=\"999.jpg\" src=\"http://img.springboot.cn/ee276fe6-5d79-45aa-8393-ba1d210f9c89.jpg\" width=\"790\" height=\"351\"><br></p>',6999.00,91,1,'2000-04-13 21:45:41','2022-07-21 14:18:08'),(179,100006,'Midea/美的 BCD-535WKZM(E)冰箱双开门对开门风冷无霜智能电家用','送品牌烤箱，五一大促','https://cdn.cnbj1.fds.api.mi-img.com/nr-pub/202207012000_0b9df066c110f201154013ac373df1d9.png','ac3e571d-13ce-4fad-89e8-c92c2eccf536.jpeg,4bb02f1c-62d5-48cc-b358-97b05af5740d.jpeg,36bdb49c-72ae-4185-9297-78829b54b566.jpeg','<p><img alt=\"miaoshu.jpg\" src=\"http://img.springboot.cn/9c5c74e6-6615-4aa0-b1fc-c17a1eff6027.jpg\" width=\"790\" height=\"444\"><br></p><p><img alt=\"miaoshu2.jpg\" src=\"http://img.springboot.cn/31dc1a94-f354-48b8-a170-1a1a6de8751b.jpg\" width=\"790\" height=\"1441\"><img alt=\"miaoshu3.jpg\" src=\"http://img.springboot.cn/7862594b-3063-4b52-b7d4-cea980c604e0.jpg\" width=\"790\" height=\"1442\"><img alt=\"miaoshu4.jpg\" src=\"http://img.springboot.cn/9a650563-dc85-44d6-b174-d6960cfb1d6a.jpg\" width=\"790\" height=\"1441\"><br></p>',3299.00,99,1,'2000-04-13 18:51:54','2022-07-21 14:18:08'),(180,100012,'4+64G送手环/Huawei/华为 nova 手机P9/P10plus青春','NOVA青春版1999元','https://cdn.cnbj1.fds.api.mi-img.com/nr-pub/202207012000_0b9df066c110f201154013ac373df1d9.png','0093f5d3-bdb4-4fb0-bec5-5465dfd26363.jpeg,13da2172-4445-4eb5-a13f-c5d4ede8458c.jpeg,58d5d4b7-58d4-4948-81b6-2bae4f79bf02.jpeg','<p><img alt=\"11TB2fKK3cl0kpuFjSsziXXa.oVXa_!!1777180618.jpg\" src=\"http://img.springboot.cn/5c2d1c6d-9e09-48ce-bbdb-e833b42ff664.jpg\" width=\"790\" height=\"966\"><img alt=\"22TB2YP3AkEhnpuFjSZFpXXcpuXXa_!!1777180618.jpg\" src=\"http://img.springboot.cn/9a10b877-818f-4a27-b6f7-62887f3fb39d.jpg\" width=\"790\" height=\"1344\"><img alt=\"33TB2Yyshk.hnpuFjSZFpXXcpuXXa_!!1777180618.jpg\" src=\"http://img.springboot.cn/7d7fbd69-a3cb-4efe-8765-423bf8276e3e.jpg\" width=\"790\" height=\"700\"><img alt=\"TB2diyziB8kpuFjSspeXXc7IpXa_!!1777180618.jpg\" src=\"http://img.springboot.cn/1d7160d2-9dba-422f-b2a0-e92847ba6ce9.jpg\" width=\"790\" height=\"393\"><br></p>',1999.00,100,1,'2000-04-13 18:57:18','2022-07-21 06:11:28'),(181,100008,'Haier/海尔HJ100-1HU1 10公斤滚筒洗衣机全自动带烘干家用大容量 洗烘一体','门店机型 德邦送货','https://cdn.cnbj1.fds.api.mi-img.com/nr-pub/202207012000_0b9df066c110f201154013ac373df1d9.png','173335a4-5dce-4afd-9f18-a10623724c4e.jpeg,42b1b8bc-27c7-4ee1-80ab-753d216a1d49.jpeg,2f1b3de1-1eb1-4c18-8ca2-518934931bec.jpeg','<p><img alt=\"1TB2WLZrcIaK.eBjSspjXXXL.XXa_!!2114960396.jpg\" src=\"http://img.springboot.cn/ffcce953-81bd-463c-acd1-d690b263d6df.jpg\" width=\"790\" height=\"920\"><img alt=\"2TB2zhOFbZCO.eBjSZFzXXaRiVXa_!!2114960396.jpg\" src=\"http://img.springboot.cn/58a7bd25-c3e7-4248-9dba-158ef2a90e70.jpg\" width=\"790\" height=\"1052\"><img alt=\"3TB27mCtb7WM.eBjSZFhXXbdWpXa_!!2114960396.jpg\" src=\"http://img.springboot.cn/2edbe9b3-28be-4a8b-a9c3-82e40703f22f.jpg\" width=\"790\" height=\"820\"><br></p>',4299.00,100,1,'2000-04-13 19:07:47','2022-07-21 14:18:08'),(182,100002,'Apple iPhone 7 Plus (A1661) 128G 玫瑰金色 移动联通电信4G手机','iPhone 7，现更以红色呈现。','https://cdn.cnbj1.fds.api.mi-img.com/nr-pub/202207012000_0b9df066c110f201154013ac373df1d9.png','241997c4-9e62-4824-b7f0-7425c3c28917.jpeg,b6c56eb0-1748-49a9-98dc-bcc4b9788a54.jpeg,92f17532-1527-4563-aa1d-ed01baa0f7b2.jpeg,3adbe4f7-e374-4533-aa79-cc4a98c529bf.jpeg','<p><img alt=\"10000.jpg\" src=\"http://img.springboot.cn/00bce8d4-e9af-4c8d-b205-e6c75c7e252b.jpg\" width=\"790\" height=\"553\"><br></p><p><img alt=\"20000.jpg\" src=\"http://img.springboot.cn/4a70b4b4-01ee-46af-9468-31e67d0995b8.jpg\" width=\"790\" height=\"525\"><br></p><p><img alt=\"30000.jpg\" src=\"http://img.springboot.cn/0570e033-12d7-49b2-88f3-7a5d84157223.jpg\" width=\"790\" height=\"365\"><br></p><p><img alt=\"40000.jpg\" src=\"http://img.springboot.cn/50515c02-3255-44b9-a829-9e141a28c08a.jpg\" width=\"790\" height=\"525\"><br></p><p><img alt=\"50000.jpg\" src=\"http://img.springboot.cn/c138fc56-5843-4287-a029-91cf3732d034.jpg\" width=\"790\" height=\"525\"><br></p><p><img alt=\"60000.jpg\" src=\"http://img.springboot.cn/c92d1f8a-9827-453f-9d37-b10a3287e894.jpg\" width=\"790\" height=\"525\"><br></p><p><br></p><p><img alt=\"TB24p51hgFkpuFjSspnXXb4qFXa-1776456424.jpg\" src=\"http://img.springboot.cn/bb1511fc-3483-471f-80e5-c7c81fa5e1dd.jpg\" width=\"790\" height=\"375\"><br></p><p><br></p><p><img alt=\"shouhou.jpg\" src=\"http://img.springboot.cn/698e6fbe-97ea-478b-8170-008ad24030f7.jpg\" width=\"750\" height=\"150\"><br></p><p><img alt=\"999.jpg\" src=\"http://img.springboot.cn/ee276fe6-5d79-45aa-8393-ba1d210f9c89.jpg\" width=\"790\" height=\"351\"><br></p>',6999.00,91,1,'2000-04-13 21:45:41','2022-07-21 14:18:08'),(183,100006,'Midea/美的 BCD-535WKZM(E)冰箱双开门对开门风冷无霜智能电家用','送品牌烤箱，五一大促','https://cdn.cnbj1.fds.api.mi-img.com/nr-pub/202207012000_0b9df066c110f201154013ac373df1d9.png','ac3e571d-13ce-4fad-89e8-c92c2eccf536.jpeg,4bb02f1c-62d5-48cc-b358-97b05af5740d.jpeg,36bdb49c-72ae-4185-9297-78829b54b566.jpeg','<p><img alt=\"miaoshu.jpg\" src=\"http://img.springboot.cn/9c5c74e6-6615-4aa0-b1fc-c17a1eff6027.jpg\" width=\"790\" height=\"444\"><br></p><p><img alt=\"miaoshu2.jpg\" src=\"http://img.springboot.cn/31dc1a94-f354-48b8-a170-1a1a6de8751b.jpg\" width=\"790\" height=\"1441\"><img alt=\"miaoshu3.jpg\" src=\"http://img.springboot.cn/7862594b-3063-4b52-b7d4-cea980c604e0.jpg\" width=\"790\" height=\"1442\"><img alt=\"miaoshu4.jpg\" src=\"http://img.springboot.cn/9a650563-dc85-44d6-b174-d6960cfb1d6a.jpg\" width=\"790\" height=\"1441\"><br></p>',3299.00,99,1,'2000-04-13 18:51:54','2022-07-21 14:18:08'),(184,100012,'4+64G送手环/Huawei/华为 nova 手机P9/P10plus青春','NOVA青春版1999元','https://cdn.cnbj1.fds.api.mi-img.com/nr-pub/202207012000_0b9df066c110f201154013ac373df1d9.png','0093f5d3-bdb4-4fb0-bec5-5465dfd26363.jpeg,13da2172-4445-4eb5-a13f-c5d4ede8458c.jpeg,58d5d4b7-58d4-4948-81b6-2bae4f79bf02.jpeg','<p><img alt=\"11TB2fKK3cl0kpuFjSsziXXa.oVXa_!!1777180618.jpg\" src=\"http://img.springboot.cn/5c2d1c6d-9e09-48ce-bbdb-e833b42ff664.jpg\" width=\"790\" height=\"966\"><img alt=\"22TB2YP3AkEhnpuFjSZFpXXcpuXXa_!!1777180618.jpg\" src=\"http://img.springboot.cn/9a10b877-818f-4a27-b6f7-62887f3fb39d.jpg\" width=\"790\" height=\"1344\"><img alt=\"33TB2Yyshk.hnpuFjSZFpXXcpuXXa_!!1777180618.jpg\" src=\"http://img.springboot.cn/7d7fbd69-a3cb-4efe-8765-423bf8276e3e.jpg\" width=\"790\" height=\"700\"><img alt=\"TB2diyziB8kpuFjSspeXXc7IpXa_!!1777180618.jpg\" src=\"http://img.springboot.cn/1d7160d2-9dba-422f-b2a0-e92847ba6ce9.jpg\" width=\"790\" height=\"393\"><br></p>',1999.00,100,1,'2000-04-13 18:57:18','2022-07-21 06:11:28'),(185,100008,'Haier/海尔HJ100-1HU1 10公斤滚筒洗衣机全自动带烘干家用大容量 洗烘一体','门店机型 德邦送货','https://cdn.cnbj1.fds.api.mi-img.com/nr-pub/202207012000_0b9df066c110f201154013ac373df1d9.png','173335a4-5dce-4afd-9f18-a10623724c4e.jpeg,42b1b8bc-27c7-4ee1-80ab-753d216a1d49.jpeg,2f1b3de1-1eb1-4c18-8ca2-518934931bec.jpeg','<p><img alt=\"1TB2WLZrcIaK.eBjSspjXXXL.XXa_!!2114960396.jpg\" src=\"http://img.springboot.cn/ffcce953-81bd-463c-acd1-d690b263d6df.jpg\" width=\"790\" height=\"920\"><img alt=\"2TB2zhOFbZCO.eBjSZFzXXaRiVXa_!!2114960396.jpg\" src=\"http://img.springboot.cn/58a7bd25-c3e7-4248-9dba-158ef2a90e70.jpg\" width=\"790\" height=\"1052\"><img alt=\"3TB27mCtb7WM.eBjSZFhXXbdWpXa_!!2114960396.jpg\" src=\"http://img.springboot.cn/2edbe9b3-28be-4a8b-a9c3-82e40703f22f.jpg\" width=\"790\" height=\"820\"><br></p>',4299.00,100,1,'2000-04-13 19:07:47','2022-07-21 14:18:08'),(186,100002,'Apple iPhone 7 Plus (A1661) 128G 玫瑰金色 移动联通电信4G手机','iPhone 7，现更以红色呈现。','https://cdn.cnbj1.fds.api.mi-img.com/nr-pub/202207012000_0b9df066c110f201154013ac373df1d9.png','241997c4-9e62-4824-b7f0-7425c3c28917.jpeg,b6c56eb0-1748-49a9-98dc-bcc4b9788a54.jpeg,92f17532-1527-4563-aa1d-ed01baa0f7b2.jpeg,3adbe4f7-e374-4533-aa79-cc4a98c529bf.jpeg','<p><img alt=\"10000.jpg\" src=\"http://img.springboot.cn/00bce8d4-e9af-4c8d-b205-e6c75c7e252b.jpg\" width=\"790\" height=\"553\"><br></p><p><img alt=\"20000.jpg\" src=\"http://img.springboot.cn/4a70b4b4-01ee-46af-9468-31e67d0995b8.jpg\" width=\"790\" height=\"525\"><br></p><p><img alt=\"30000.jpg\" src=\"http://img.springboot.cn/0570e033-12d7-49b2-88f3-7a5d84157223.jpg\" width=\"790\" height=\"365\"><br></p><p><img alt=\"40000.jpg\" src=\"http://img.springboot.cn/50515c02-3255-44b9-a829-9e141a28c08a.jpg\" width=\"790\" height=\"525\"><br></p><p><img alt=\"50000.jpg\" src=\"http://img.springboot.cn/c138fc56-5843-4287-a029-91cf3732d034.jpg\" width=\"790\" height=\"525\"><br></p><p><img alt=\"60000.jpg\" src=\"http://img.springboot.cn/c92d1f8a-9827-453f-9d37-b10a3287e894.jpg\" width=\"790\" height=\"525\"><br></p><p><br></p><p><img alt=\"TB24p51hgFkpuFjSspnXXb4qFXa-1776456424.jpg\" src=\"http://img.springboot.cn/bb1511fc-3483-471f-80e5-c7c81fa5e1dd.jpg\" width=\"790\" height=\"375\"><br></p><p><br></p><p><img alt=\"shouhou.jpg\" src=\"http://img.springboot.cn/698e6fbe-97ea-478b-8170-008ad24030f7.jpg\" width=\"750\" height=\"150\"><br></p><p><img alt=\"999.jpg\" src=\"http://img.springboot.cn/ee276fe6-5d79-45aa-8393-ba1d210f9c89.jpg\" width=\"790\" height=\"351\"><br></p>',6999.00,91,1,'2000-04-13 21:45:41','2022-07-21 14:18:08'),(187,100006,'Midea/美的 BCD-535WKZM(E)冰箱双开门对开门风冷无霜智能电家用','送品牌烤箱，五一大促','https://cdn.cnbj1.fds.api.mi-img.com/nr-pub/202207012000_0b9df066c110f201154013ac373df1d9.png','ac3e571d-13ce-4fad-89e8-c92c2eccf536.jpeg,4bb02f1c-62d5-48cc-b358-97b05af5740d.jpeg,36bdb49c-72ae-4185-9297-78829b54b566.jpeg','<p><img alt=\"miaoshu.jpg\" src=\"http://img.springboot.cn/9c5c74e6-6615-4aa0-b1fc-c17a1eff6027.jpg\" width=\"790\" height=\"444\"><br></p><p><img alt=\"miaoshu2.jpg\" src=\"http://img.springboot.cn/31dc1a94-f354-48b8-a170-1a1a6de8751b.jpg\" width=\"790\" height=\"1441\"><img alt=\"miaoshu3.jpg\" src=\"http://img.springboot.cn/7862594b-3063-4b52-b7d4-cea980c604e0.jpg\" width=\"790\" height=\"1442\"><img alt=\"miaoshu4.jpg\" src=\"http://img.springboot.cn/9a650563-dc85-44d6-b174-d6960cfb1d6a.jpg\" width=\"790\" height=\"1441\"><br></p>',3299.00,99,1,'2000-04-13 18:51:54','2022-07-21 14:18:08'),(188,100012,'4+64G送手环/Huawei/华为 nova 手机P9/P10plus青春','NOVA青春版1999元','https://cdn.cnbj1.fds.api.mi-img.com/nr-pub/202207012000_0b9df066c110f201154013ac373df1d9.png','0093f5d3-bdb4-4fb0-bec5-5465dfd26363.jpeg,13da2172-4445-4eb5-a13f-c5d4ede8458c.jpeg,58d5d4b7-58d4-4948-81b6-2bae4f79bf02.jpeg','<p><img alt=\"11TB2fKK3cl0kpuFjSsziXXa.oVXa_!!1777180618.jpg\" src=\"http://img.springboot.cn/5c2d1c6d-9e09-48ce-bbdb-e833b42ff664.jpg\" width=\"790\" height=\"966\"><img alt=\"22TB2YP3AkEhnpuFjSZFpXXcpuXXa_!!1777180618.jpg\" src=\"http://img.springboot.cn/9a10b877-818f-4a27-b6f7-62887f3fb39d.jpg\" width=\"790\" height=\"1344\"><img alt=\"33TB2Yyshk.hnpuFjSZFpXXcpuXXa_!!1777180618.jpg\" src=\"http://img.springboot.cn/7d7fbd69-a3cb-4efe-8765-423bf8276e3e.jpg\" width=\"790\" height=\"700\"><img alt=\"TB2diyziB8kpuFjSspeXXc7IpXa_!!1777180618.jpg\" src=\"http://img.springboot.cn/1d7160d2-9dba-422f-b2a0-e92847ba6ce9.jpg\" width=\"790\" height=\"393\"><br></p>',1999.00,100,1,'2000-04-13 18:57:18','2022-07-21 06:11:28'),(189,100008,'Haier/海尔HJ100-1HU1 10公斤滚筒洗衣机全自动带烘干家用大容量 洗烘一体','门店机型 德邦送货','https://cdn.cnbj1.fds.api.mi-img.com/nr-pub/202207012000_0b9df066c110f201154013ac373df1d9.png','173335a4-5dce-4afd-9f18-a10623724c4e.jpeg,42b1b8bc-27c7-4ee1-80ab-753d216a1d49.jpeg,2f1b3de1-1eb1-4c18-8ca2-518934931bec.jpeg','<p><img alt=\"1TB2WLZrcIaK.eBjSspjXXXL.XXa_!!2114960396.jpg\" src=\"http://img.springboot.cn/ffcce953-81bd-463c-acd1-d690b263d6df.jpg\" width=\"790\" height=\"920\"><img alt=\"2TB2zhOFbZCO.eBjSZFzXXaRiVXa_!!2114960396.jpg\" src=\"http://img.springboot.cn/58a7bd25-c3e7-4248-9dba-158ef2a90e70.jpg\" width=\"790\" height=\"1052\"><img alt=\"3TB27mCtb7WM.eBjSZFhXXbdWpXa_!!2114960396.jpg\" src=\"http://img.springboot.cn/2edbe9b3-28be-4a8b-a9c3-82e40703f22f.jpg\" width=\"790\" height=\"820\"><br></p>',4299.00,100,1,'2000-04-13 19:07:47','2022-07-21 14:18:08'),(190,100002,'Apple iPhone 7 Plus (A1661) 128G 玫瑰金色 移动联通电信4G手机','iPhone 7，现更以红色呈现。','https://cdn.cnbj1.fds.api.mi-img.com/nr-pub/202207012000_0b9df066c110f201154013ac373df1d9.png','241997c4-9e62-4824-b7f0-7425c3c28917.jpeg,b6c56eb0-1748-49a9-98dc-bcc4b9788a54.jpeg,92f17532-1527-4563-aa1d-ed01baa0f7b2.jpeg,3adbe4f7-e374-4533-aa79-cc4a98c529bf.jpeg','<p><img alt=\"10000.jpg\" src=\"http://img.springboot.cn/00bce8d4-e9af-4c8d-b205-e6c75c7e252b.jpg\" width=\"790\" height=\"553\"><br></p><p><img alt=\"20000.jpg\" src=\"http://img.springboot.cn/4a70b4b4-01ee-46af-9468-31e67d0995b8.jpg\" width=\"790\" height=\"525\"><br></p><p><img alt=\"30000.jpg\" src=\"http://img.springboot.cn/0570e033-12d7-49b2-88f3-7a5d84157223.jpg\" width=\"790\" height=\"365\"><br></p><p><img alt=\"40000.jpg\" src=\"http://img.springboot.cn/50515c02-3255-44b9-a829-9e141a28c08a.jpg\" width=\"790\" height=\"525\"><br></p><p><img alt=\"50000.jpg\" src=\"http://img.springboot.cn/c138fc56-5843-4287-a029-91cf3732d034.jpg\" width=\"790\" height=\"525\"><br></p><p><img alt=\"60000.jpg\" src=\"http://img.springboot.cn/c92d1f8a-9827-453f-9d37-b10a3287e894.jpg\" width=\"790\" height=\"525\"><br></p><p><br></p><p><img alt=\"TB24p51hgFkpuFjSspnXXb4qFXa-1776456424.jpg\" src=\"http://img.springboot.cn/bb1511fc-3483-471f-80e5-c7c81fa5e1dd.jpg\" width=\"790\" height=\"375\"><br></p><p><br></p><p><img alt=\"shouhou.jpg\" src=\"http://img.springboot.cn/698e6fbe-97ea-478b-8170-008ad24030f7.jpg\" width=\"750\" height=\"150\"><br></p><p><img alt=\"999.jpg\" src=\"http://img.springboot.cn/ee276fe6-5d79-45aa-8393-ba1d210f9c89.jpg\" width=\"790\" height=\"351\"><br></p>',6999.00,91,1,'2000-04-13 21:45:41','2022-07-21 14:18:08'),(191,100006,'Midea/美的 BCD-535WKZM(E)冰箱双开门对开门风冷无霜智能电家用','送品牌烤箱，五一大促','https://cdn.cnbj1.fds.api.mi-img.com/nr-pub/202207012000_0b9df066c110f201154013ac373df1d9.png','ac3e571d-13ce-4fad-89e8-c92c2eccf536.jpeg,4bb02f1c-62d5-48cc-b358-97b05af5740d.jpeg,36bdb49c-72ae-4185-9297-78829b54b566.jpeg','<p><img alt=\"miaoshu.jpg\" src=\"http://img.springboot.cn/9c5c74e6-6615-4aa0-b1fc-c17a1eff6027.jpg\" width=\"790\" height=\"444\"><br></p><p><img alt=\"miaoshu2.jpg\" src=\"http://img.springboot.cn/31dc1a94-f354-48b8-a170-1a1a6de8751b.jpg\" width=\"790\" height=\"1441\"><img alt=\"miaoshu3.jpg\" src=\"http://img.springboot.cn/7862594b-3063-4b52-b7d4-cea980c604e0.jpg\" width=\"790\" height=\"1442\"><img alt=\"miaoshu4.jpg\" src=\"http://img.springboot.cn/9a650563-dc85-44d6-b174-d6960cfb1d6a.jpg\" width=\"790\" height=\"1441\"><br></p>',3299.00,99,1,'2000-04-13 18:51:54','2022-07-21 14:18:08'),(192,100012,'4+64G送手环/Huawei/华为 nova 手机P9/P10plus青春','NOVA青春版1999元','https://cdn.cnbj1.fds.api.mi-img.com/nr-pub/202207012000_0b9df066c110f201154013ac373df1d9.png','0093f5d3-bdb4-4fb0-bec5-5465dfd26363.jpeg,13da2172-4445-4eb5-a13f-c5d4ede8458c.jpeg,58d5d4b7-58d4-4948-81b6-2bae4f79bf02.jpeg','<p><img alt=\"11TB2fKK3cl0kpuFjSsziXXa.oVXa_!!1777180618.jpg\" src=\"http://img.springboot.cn/5c2d1c6d-9e09-48ce-bbdb-e833b42ff664.jpg\" width=\"790\" height=\"966\"><img alt=\"22TB2YP3AkEhnpuFjSZFpXXcpuXXa_!!1777180618.jpg\" src=\"http://img.springboot.cn/9a10b877-818f-4a27-b6f7-62887f3fb39d.jpg\" width=\"790\" height=\"1344\"><img alt=\"33TB2Yyshk.hnpuFjSZFpXXcpuXXa_!!1777180618.jpg\" src=\"http://img.springboot.cn/7d7fbd69-a3cb-4efe-8765-423bf8276e3e.jpg\" width=\"790\" height=\"700\"><img alt=\"TB2diyziB8kpuFjSspeXXc7IpXa_!!1777180618.jpg\" src=\"http://img.springboot.cn/1d7160d2-9dba-422f-b2a0-e92847ba6ce9.jpg\" width=\"790\" height=\"393\"><br></p>',1999.00,100,1,'2000-04-13 18:57:18','2022-07-21 06:11:28'),(193,100008,'Haier/海尔HJ100-1HU1 10公斤滚筒洗衣机全自动带烘干家用大容量 洗烘一体','门店机型 德邦送货','https://cdn.cnbj1.fds.api.mi-img.com/nr-pub/202207012000_0b9df066c110f201154013ac373df1d9.png','173335a4-5dce-4afd-9f18-a10623724c4e.jpeg,42b1b8bc-27c7-4ee1-80ab-753d216a1d49.jpeg,2f1b3de1-1eb1-4c18-8ca2-518934931bec.jpeg','<p><img alt=\"1TB2WLZrcIaK.eBjSspjXXXL.XXa_!!2114960396.jpg\" src=\"http://img.springboot.cn/ffcce953-81bd-463c-acd1-d690b263d6df.jpg\" width=\"790\" height=\"920\"><img alt=\"2TB2zhOFbZCO.eBjSZFzXXaRiVXa_!!2114960396.jpg\" src=\"http://img.springboot.cn/58a7bd25-c3e7-4248-9dba-158ef2a90e70.jpg\" width=\"790\" height=\"1052\"><img alt=\"3TB27mCtb7WM.eBjSZFhXXbdWpXa_!!2114960396.jpg\" src=\"http://img.springboot.cn/2edbe9b3-28be-4a8b-a9c3-82e40703f22f.jpg\" width=\"790\" height=\"820\"><br></p>',4299.00,100,1,'2000-04-13 19:07:47','2022-07-21 14:18:08'),(194,100002,'Apple iPhone 7 Plus (A1661) 128G 玫瑰金色 移动联通电信4G手机','iPhone 7，现更以红色呈现。','https://cdn.cnbj1.fds.api.mi-img.com/nr-pub/202207012000_0b9df066c110f201154013ac373df1d9.png','241997c4-9e62-4824-b7f0-7425c3c28917.jpeg,b6c56eb0-1748-49a9-98dc-bcc4b9788a54.jpeg,92f17532-1527-4563-aa1d-ed01baa0f7b2.jpeg,3adbe4f7-e374-4533-aa79-cc4a98c529bf.jpeg','<p><img alt=\"10000.jpg\" src=\"http://img.springboot.cn/00bce8d4-e9af-4c8d-b205-e6c75c7e252b.jpg\" width=\"790\" height=\"553\"><br></p><p><img alt=\"20000.jpg\" src=\"http://img.springboot.cn/4a70b4b4-01ee-46af-9468-31e67d0995b8.jpg\" width=\"790\" height=\"525\"><br></p><p><img alt=\"30000.jpg\" src=\"http://img.springboot.cn/0570e033-12d7-49b2-88f3-7a5d84157223.jpg\" width=\"790\" height=\"365\"><br></p><p><img alt=\"40000.jpg\" src=\"http://img.springboot.cn/50515c02-3255-44b9-a829-9e141a28c08a.jpg\" width=\"790\" height=\"525\"><br></p><p><img alt=\"50000.jpg\" src=\"http://img.springboot.cn/c138fc56-5843-4287-a029-91cf3732d034.jpg\" width=\"790\" height=\"525\"><br></p><p><img alt=\"60000.jpg\" src=\"http://img.springboot.cn/c92d1f8a-9827-453f-9d37-b10a3287e894.jpg\" width=\"790\" height=\"525\"><br></p><p><br></p><p><img alt=\"TB24p51hgFkpuFjSspnXXb4qFXa-1776456424.jpg\" src=\"http://img.springboot.cn/bb1511fc-3483-471f-80e5-c7c81fa5e1dd.jpg\" width=\"790\" height=\"375\"><br></p><p><br></p><p><img alt=\"shouhou.jpg\" src=\"http://img.springboot.cn/698e6fbe-97ea-478b-8170-008ad24030f7.jpg\" width=\"750\" height=\"150\"><br></p><p><img alt=\"999.jpg\" src=\"http://img.springboot.cn/ee276fe6-5d79-45aa-8393-ba1d210f9c89.jpg\" width=\"790\" height=\"351\"><br></p>',6999.00,91,1,'2000-04-13 21:45:41','2022-07-21 14:18:08'),(195,100006,'Midea/美的 BCD-535WKZM(E)冰箱双开门对开门风冷无霜智能电家用','送品牌烤箱，五一大促','https://cdn.cnbj1.fds.api.mi-img.com/nr-pub/202207012000_0b9df066c110f201154013ac373df1d9.png','ac3e571d-13ce-4fad-89e8-c92c2eccf536.jpeg,4bb02f1c-62d5-48cc-b358-97b05af5740d.jpeg,36bdb49c-72ae-4185-9297-78829b54b566.jpeg','<p><img alt=\"miaoshu.jpg\" src=\"http://img.springboot.cn/9c5c74e6-6615-4aa0-b1fc-c17a1eff6027.jpg\" width=\"790\" height=\"444\"><br></p><p><img alt=\"miaoshu2.jpg\" src=\"http://img.springboot.cn/31dc1a94-f354-48b8-a170-1a1a6de8751b.jpg\" width=\"790\" height=\"1441\"><img alt=\"miaoshu3.jpg\" src=\"http://img.springboot.cn/7862594b-3063-4b52-b7d4-cea980c604e0.jpg\" width=\"790\" height=\"1442\"><img alt=\"miaoshu4.jpg\" src=\"http://img.springboot.cn/9a650563-dc85-44d6-b174-d6960cfb1d6a.jpg\" width=\"790\" height=\"1441\"><br></p>',3299.00,99,1,'2000-04-13 18:51:54','2022-07-21 14:18:08'),(196,100012,'4+64G送手环/Huawei/华为 nova 手机P9/P10plus青春','NOVA青春版1999元','https://cdn.cnbj1.fds.api.mi-img.com/nr-pub/202207012000_0b9df066c110f201154013ac373df1d9.png','0093f5d3-bdb4-4fb0-bec5-5465dfd26363.jpeg,13da2172-4445-4eb5-a13f-c5d4ede8458c.jpeg,58d5d4b7-58d4-4948-81b6-2bae4f79bf02.jpeg','<p><img alt=\"11TB2fKK3cl0kpuFjSsziXXa.oVXa_!!1777180618.jpg\" src=\"http://img.springboot.cn/5c2d1c6d-9e09-48ce-bbdb-e833b42ff664.jpg\" width=\"790\" height=\"966\"><img alt=\"22TB2YP3AkEhnpuFjSZFpXXcpuXXa_!!1777180618.jpg\" src=\"http://img.springboot.cn/9a10b877-818f-4a27-b6f7-62887f3fb39d.jpg\" width=\"790\" height=\"1344\"><img alt=\"33TB2Yyshk.hnpuFjSZFpXXcpuXXa_!!1777180618.jpg\" src=\"http://img.springboot.cn/7d7fbd69-a3cb-4efe-8765-423bf8276e3e.jpg\" width=\"790\" height=\"700\"><img alt=\"TB2diyziB8kpuFjSspeXXc7IpXa_!!1777180618.jpg\" src=\"http://img.springboot.cn/1d7160d2-9dba-422f-b2a0-e92847ba6ce9.jpg\" width=\"790\" height=\"393\"><br></p>',1999.00,100,1,'2000-04-13 18:57:18','2022-07-21 14:18:08'),(197,100008,'Haier/海尔HJ100-1HU1 10公斤滚筒洗衣机全自动带烘干家用大容量 洗烘一体','门店机型 德邦送货','https://cdn.cnbj1.fds.api.mi-img.com/nr-pub/202207012000_0b9df066c110f201154013ac373df1d9.png','173335a4-5dce-4afd-9f18-a10623724c4e.jpeg,42b1b8bc-27c7-4ee1-80ab-753d216a1d49.jpeg,2f1b3de1-1eb1-4c18-8ca2-518934931bec.jpeg','<p><img alt=\"1TB2WLZrcIaK.eBjSspjXXXL.XXa_!!2114960396.jpg\" src=\"http://img.springboot.cn/ffcce953-81bd-463c-acd1-d690b263d6df.jpg\" width=\"790\" height=\"920\"><img alt=\"2TB2zhOFbZCO.eBjSZFzXXaRiVXa_!!2114960396.jpg\" src=\"http://img.springboot.cn/58a7bd25-c3e7-4248-9dba-158ef2a90e70.jpg\" width=\"790\" height=\"1052\"><img alt=\"3TB27mCtb7WM.eBjSZFhXXbdWpXa_!!2114960396.jpg\" src=\"http://img.springboot.cn/2edbe9b3-28be-4a8b-a9c3-82e40703f22f.jpg\" width=\"790\" height=\"820\"><br></p>',4299.00,100,1,'2000-04-13 19:07:47','2022-07-21 14:18:08'),(198,100002,'Apple iPhone 7 Plus (A1661) 128G 玫瑰金色 移动联通电信4G手机','iPhone 7，现更以红色呈现。','https://cdn.cnbj1.fds.api.mi-img.com/nr-pub/202207012000_0b9df066c110f201154013ac373df1d9.png','241997c4-9e62-4824-b7f0-7425c3c28917.jpeg,b6c56eb0-1748-49a9-98dc-bcc4b9788a54.jpeg,92f17532-1527-4563-aa1d-ed01baa0f7b2.jpeg,3adbe4f7-e374-4533-aa79-cc4a98c529bf.jpeg','<p><img alt=\"10000.jpg\" src=\"http://img.springboot.cn/00bce8d4-e9af-4c8d-b205-e6c75c7e252b.jpg\" width=\"790\" height=\"553\"><br></p><p><img alt=\"20000.jpg\" src=\"http://img.springboot.cn/4a70b4b4-01ee-46af-9468-31e67d0995b8.jpg\" width=\"790\" height=\"525\"><br></p><p><img alt=\"30000.jpg\" src=\"http://img.springboot.cn/0570e033-12d7-49b2-88f3-7a5d84157223.jpg\" width=\"790\" height=\"365\"><br></p><p><img alt=\"40000.jpg\" src=\"http://img.springboot.cn/50515c02-3255-44b9-a829-9e141a28c08a.jpg\" width=\"790\" height=\"525\"><br></p><p><img alt=\"50000.jpg\" src=\"http://img.springboot.cn/c138fc56-5843-4287-a029-91cf3732d034.jpg\" width=\"790\" height=\"525\"><br></p><p><img alt=\"60000.jpg\" src=\"http://img.springboot.cn/c92d1f8a-9827-453f-9d37-b10a3287e894.jpg\" width=\"790\" height=\"525\"><br></p><p><br></p><p><img alt=\"TB24p51hgFkpuFjSspnXXb4qFXa-1776456424.jpg\" src=\"http://img.springboot.cn/bb1511fc-3483-471f-80e5-c7c81fa5e1dd.jpg\" width=\"790\" height=\"375\"><br></p><p><br></p><p><img alt=\"shouhou.jpg\" src=\"http://img.springboot.cn/698e6fbe-97ea-478b-8170-008ad24030f7.jpg\" width=\"750\" height=\"150\"><br></p><p><img alt=\"999.jpg\" src=\"http://img.springboot.cn/ee276fe6-5d79-45aa-8393-ba1d210f9c89.jpg\" width=\"790\" height=\"351\"><br></p>',6999.00,91,1,'2000-04-13 21:45:41','2022-07-21 14:18:08'),(199,100006,'Midea/美的 BCD-535WKZM(E)冰箱双开门对开门风冷无霜智能电家用','送品牌烤箱，五一大促','https://cdn.cnbj1.fds.api.mi-img.com/nr-pub/202207012000_0b9df066c110f201154013ac373df1d9.png','ac3e571d-13ce-4fad-89e8-c92c2eccf536.jpeg,4bb02f1c-62d5-48cc-b358-97b05af5740d.jpeg,36bdb49c-72ae-4185-9297-78829b54b566.jpeg','<p><img alt=\"miaoshu.jpg\" src=\"http://img.springboot.cn/9c5c74e6-6615-4aa0-b1fc-c17a1eff6027.jpg\" width=\"790\" height=\"444\"><br></p><p><img alt=\"miaoshu2.jpg\" src=\"http://img.springboot.cn/31dc1a94-f354-48b8-a170-1a1a6de8751b.jpg\" width=\"790\" height=\"1441\"><img alt=\"miaoshu3.jpg\" src=\"http://img.springboot.cn/7862594b-3063-4b52-b7d4-cea980c604e0.jpg\" width=\"790\" height=\"1442\"><img alt=\"miaoshu4.jpg\" src=\"http://img.springboot.cn/9a650563-dc85-44d6-b174-d6960cfb1d6a.jpg\" width=\"790\" height=\"1441\"><br></p>',3299.00,99,1,'2000-04-13 18:51:54','2022-07-21 14:18:08'),(200,100012,'4+64G送手环/Huawei/华为 nova 手机P9/P10plus青春','NOVA青春版1999元','https://cdn.cnbj1.fds.api.mi-img.com/nr-pub/202207012000_0b9df066c110f201154013ac373df1d9.png','0093f5d3-bdb4-4fb0-bec5-5465dfd26363.jpeg,13da2172-4445-4eb5-a13f-c5d4ede8458c.jpeg,58d5d4b7-58d4-4948-81b6-2bae4f79bf02.jpeg','<p><img alt=\"11TB2fKK3cl0kpuFjSsziXXa.oVXa_!!1777180618.jpg\" src=\"http://img.springboot.cn/5c2d1c6d-9e09-48ce-bbdb-e833b42ff664.jpg\" width=\"790\" height=\"966\"><img alt=\"22TB2YP3AkEhnpuFjSZFpXXcpuXXa_!!1777180618.jpg\" src=\"http://img.springboot.cn/9a10b877-818f-4a27-b6f7-62887f3fb39d.jpg\" width=\"790\" height=\"1344\"><img alt=\"33TB2Yyshk.hnpuFjSZFpXXcpuXXa_!!1777180618.jpg\" src=\"http://img.springboot.cn/7d7fbd69-a3cb-4efe-8765-423bf8276e3e.jpg\" width=\"790\" height=\"700\"><img alt=\"TB2diyziB8kpuFjSspeXXc7IpXa_!!1777180618.jpg\" src=\"http://img.springboot.cn/1d7160d2-9dba-422f-b2a0-e92847ba6ce9.jpg\" width=\"790\" height=\"393\"><br></p>',1999.00,100,1,'2000-04-13 18:57:18','2022-07-21 06:11:28'),(201,100008,'Haier/海尔HJ100-1HU1 10公斤滚筒洗衣机全自动带烘干家用大容量 洗烘一体','门店机型 德邦送货','https://cdn.cnbj1.fds.api.mi-img.com/nr-pub/202207012000_0b9df066c110f201154013ac373df1d9.png','173335a4-5dce-4afd-9f18-a10623724c4e.jpeg,42b1b8bc-27c7-4ee1-80ab-753d216a1d49.jpeg,2f1b3de1-1eb1-4c18-8ca2-518934931bec.jpeg','<p><img alt=\"1TB2WLZrcIaK.eBjSspjXXXL.XXa_!!2114960396.jpg\" src=\"http://img.springboot.cn/ffcce953-81bd-463c-acd1-d690b263d6df.jpg\" width=\"790\" height=\"920\"><img alt=\"2TB2zhOFbZCO.eBjSZFzXXaRiVXa_!!2114960396.jpg\" src=\"http://img.springboot.cn/58a7bd25-c3e7-4248-9dba-158ef2a90e70.jpg\" width=\"790\" height=\"1052\"><img alt=\"3TB27mCtb7WM.eBjSZFhXXbdWpXa_!!2114960396.jpg\" src=\"http://img.springboot.cn/2edbe9b3-28be-4a8b-a9c3-82e40703f22f.jpg\" width=\"790\" height=\"820\"><br></p>',4299.00,100,1,'2000-04-13 19:07:47','2022-07-21 14:18:08'),(202,100002,'Apple iPhone 7 Plus (A1661) 128G 玫瑰金色 移动联通电信4G手机','iPhone 7，现更以红色呈现。','https://cdn.cnbj1.fds.api.mi-img.com/nr-pub/202207012000_0b9df066c110f201154013ac373df1d9.png','241997c4-9e62-4824-b7f0-7425c3c28917.jpeg,b6c56eb0-1748-49a9-98dc-bcc4b9788a54.jpeg,92f17532-1527-4563-aa1d-ed01baa0f7b2.jpeg,3adbe4f7-e374-4533-aa79-cc4a98c529bf.jpeg','<p><img alt=\"10000.jpg\" src=\"http://img.springboot.cn/00bce8d4-e9af-4c8d-b205-e6c75c7e252b.jpg\" width=\"790\" height=\"553\"><br></p><p><img alt=\"20000.jpg\" src=\"http://img.springboot.cn/4a70b4b4-01ee-46af-9468-31e67d0995b8.jpg\" width=\"790\" height=\"525\"><br></p><p><img alt=\"30000.jpg\" src=\"http://img.springboot.cn/0570e033-12d7-49b2-88f3-7a5d84157223.jpg\" width=\"790\" height=\"365\"><br></p><p><img alt=\"40000.jpg\" src=\"http://img.springboot.cn/50515c02-3255-44b9-a829-9e141a28c08a.jpg\" width=\"790\" height=\"525\"><br></p><p><img alt=\"50000.jpg\" src=\"http://img.springboot.cn/c138fc56-5843-4287-a029-91cf3732d034.jpg\" width=\"790\" height=\"525\"><br></p><p><img alt=\"60000.jpg\" src=\"http://img.springboot.cn/c92d1f8a-9827-453f-9d37-b10a3287e894.jpg\" width=\"790\" height=\"525\"><br></p><p><br></p><p><img alt=\"TB24p51hgFkpuFjSspnXXb4qFXa-1776456424.jpg\" src=\"http://img.springboot.cn/bb1511fc-3483-471f-80e5-c7c81fa5e1dd.jpg\" width=\"790\" height=\"375\"><br></p><p><br></p><p><img alt=\"shouhou.jpg\" src=\"http://img.springboot.cn/698e6fbe-97ea-478b-8170-008ad24030f7.jpg\" width=\"750\" height=\"150\"><br></p><p><img alt=\"999.jpg\" src=\"http://img.springboot.cn/ee276fe6-5d79-45aa-8393-ba1d210f9c89.jpg\" width=\"790\" height=\"351\"><br></p>',6999.00,91,1,'2000-04-13 21:45:41','2022-07-21 14:18:08'),(203,100006,'Midea/美的 BCD-535WKZM(E)冰箱双开门对开门风冷无霜智能电家用','送品牌烤箱，五一大促','https://cdn.cnbj1.fds.api.mi-img.com/nr-pub/202207012000_0b9df066c110f201154013ac373df1d9.png','ac3e571d-13ce-4fad-89e8-c92c2eccf536.jpeg,4bb02f1c-62d5-48cc-b358-97b05af5740d.jpeg,36bdb49c-72ae-4185-9297-78829b54b566.jpeg','<p><img alt=\"miaoshu.jpg\" src=\"http://img.springboot.cn/9c5c74e6-6615-4aa0-b1fc-c17a1eff6027.jpg\" width=\"790\" height=\"444\"><br></p><p><img alt=\"miaoshu2.jpg\" src=\"http://img.springboot.cn/31dc1a94-f354-48b8-a170-1a1a6de8751b.jpg\" width=\"790\" height=\"1441\"><img alt=\"miaoshu3.jpg\" src=\"http://img.springboot.cn/7862594b-3063-4b52-b7d4-cea980c604e0.jpg\" width=\"790\" height=\"1442\"><img alt=\"miaoshu4.jpg\" src=\"http://img.springboot.cn/9a650563-dc85-44d6-b174-d6960cfb1d6a.jpg\" width=\"790\" height=\"1441\"><br></p>',3299.00,99,1,'2000-04-13 18:51:54','2022-07-21 14:18:08'),(204,100012,'4+64G送手环/Huawei/华为 nova 手机P9/P10plus青春','NOVA青春版1999元','https://cdn.cnbj1.fds.api.mi-img.com/nr-pub/202207012000_0b9df066c110f201154013ac373df1d9.png','0093f5d3-bdb4-4fb0-bec5-5465dfd26363.jpeg,13da2172-4445-4eb5-a13f-c5d4ede8458c.jpeg,58d5d4b7-58d4-4948-81b6-2bae4f79bf02.jpeg','<p><img alt=\"11TB2fKK3cl0kpuFjSsziXXa.oVXa_!!1777180618.jpg\" src=\"http://img.springboot.cn/5c2d1c6d-9e09-48ce-bbdb-e833b42ff664.jpg\" width=\"790\" height=\"966\"><img alt=\"22TB2YP3AkEhnpuFjSZFpXXcpuXXa_!!1777180618.jpg\" src=\"http://img.springboot.cn/9a10b877-818f-4a27-b6f7-62887f3fb39d.jpg\" width=\"790\" height=\"1344\"><img alt=\"33TB2Yyshk.hnpuFjSZFpXXcpuXXa_!!1777180618.jpg\" src=\"http://img.springboot.cn/7d7fbd69-a3cb-4efe-8765-423bf8276e3e.jpg\" width=\"790\" height=\"700\"><img alt=\"TB2diyziB8kpuFjSspeXXc7IpXa_!!1777180618.jpg\" src=\"http://img.springboot.cn/1d7160d2-9dba-422f-b2a0-e92847ba6ce9.jpg\" width=\"790\" height=\"393\"><br></p>',1999.00,100,1,'2000-04-13 18:57:18','2022-07-21 14:18:08'),(205,100008,'Haier/海尔HJ100-1HU1 10公斤滚筒洗衣机全自动带烘干家用大容量 洗烘一体','门店机型 德邦送货','https://cdn.cnbj1.fds.api.mi-img.com/nr-pub/202207012000_0b9df066c110f201154013ac373df1d9.png','173335a4-5dce-4afd-9f18-a10623724c4e.jpeg,42b1b8bc-27c7-4ee1-80ab-753d216a1d49.jpeg,2f1b3de1-1eb1-4c18-8ca2-518934931bec.jpeg','<p><img alt=\"1TB2WLZrcIaK.eBjSspjXXXL.XXa_!!2114960396.jpg\" src=\"http://img.springboot.cn/ffcce953-81bd-463c-acd1-d690b263d6df.jpg\" width=\"790\" height=\"920\"><img alt=\"2TB2zhOFbZCO.eBjSZFzXXaRiVXa_!!2114960396.jpg\" src=\"http://img.springboot.cn/58a7bd25-c3e7-4248-9dba-158ef2a90e70.jpg\" width=\"790\" height=\"1052\"><img alt=\"3TB27mCtb7WM.eBjSZFhXXbdWpXa_!!2114960396.jpg\" src=\"http://img.springboot.cn/2edbe9b3-28be-4a8b-a9c3-82e40703f22f.jpg\" width=\"790\" height=\"820\"><br></p>',4299.00,100,1,'2000-04-13 19:07:47','2022-07-21 14:18:08'),(206,100002,'Apple iPhone 7 Plus (A1661) 128G 玫瑰金色 移动联通电信4G手机','iPhone 7，现更以红色呈现。','https://cdn.cnbj1.fds.api.mi-img.com/nr-pub/202207012000_0b9df066c110f201154013ac373df1d9.png','241997c4-9e62-4824-b7f0-7425c3c28917.jpeg,b6c56eb0-1748-49a9-98dc-bcc4b9788a54.jpeg,92f17532-1527-4563-aa1d-ed01baa0f7b2.jpeg,3adbe4f7-e374-4533-aa79-cc4a98c529bf.jpeg','<p><img alt=\"10000.jpg\" src=\"http://img.springboot.cn/00bce8d4-e9af-4c8d-b205-e6c75c7e252b.jpg\" width=\"790\" height=\"553\"><br></p><p><img alt=\"20000.jpg\" src=\"http://img.springboot.cn/4a70b4b4-01ee-46af-9468-31e67d0995b8.jpg\" width=\"790\" height=\"525\"><br></p><p><img alt=\"30000.jpg\" src=\"http://img.springboot.cn/0570e033-12d7-49b2-88f3-7a5d84157223.jpg\" width=\"790\" height=\"365\"><br></p><p><img alt=\"40000.jpg\" src=\"http://img.springboot.cn/50515c02-3255-44b9-a829-9e141a28c08a.jpg\" width=\"790\" height=\"525\"><br></p><p><img alt=\"50000.jpg\" src=\"http://img.springboot.cn/c138fc56-5843-4287-a029-91cf3732d034.jpg\" width=\"790\" height=\"525\"><br></p><p><img alt=\"60000.jpg\" src=\"http://img.springboot.cn/c92d1f8a-9827-453f-9d37-b10a3287e894.jpg\" width=\"790\" height=\"525\"><br></p><p><br></p><p><img alt=\"TB24p51hgFkpuFjSspnXXb4qFXa-1776456424.jpg\" src=\"http://img.springboot.cn/bb1511fc-3483-471f-80e5-c7c81fa5e1dd.jpg\" width=\"790\" height=\"375\"><br></p><p><br></p><p><img alt=\"shouhou.jpg\" src=\"http://img.springboot.cn/698e6fbe-97ea-478b-8170-008ad24030f7.jpg\" width=\"750\" height=\"150\"><br></p><p><img alt=\"999.jpg\" src=\"http://img.springboot.cn/ee276fe6-5d79-45aa-8393-ba1d210f9c89.jpg\" width=\"790\" height=\"351\"><br></p>',6999.00,91,1,'2000-04-13 21:45:41','2022-07-21 14:18:08'),(207,100006,'Midea/美的 BCD-535WKZM(E)冰箱双开门对开门风冷无霜智能电家用','送品牌烤箱，五一大促','https://cdn.cnbj1.fds.api.mi-img.com/nr-pub/202207012000_0b9df066c110f201154013ac373df1d9.png','ac3e571d-13ce-4fad-89e8-c92c2eccf536.jpeg,4bb02f1c-62d5-48cc-b358-97b05af5740d.jpeg,36bdb49c-72ae-4185-9297-78829b54b566.jpeg','<p><img alt=\"miaoshu.jpg\" src=\"http://img.springboot.cn/9c5c74e6-6615-4aa0-b1fc-c17a1eff6027.jpg\" width=\"790\" height=\"444\"><br></p><p><img alt=\"miaoshu2.jpg\" src=\"http://img.springboot.cn/31dc1a94-f354-48b8-a170-1a1a6de8751b.jpg\" width=\"790\" height=\"1441\"><img alt=\"miaoshu3.jpg\" src=\"http://img.springboot.cn/7862594b-3063-4b52-b7d4-cea980c604e0.jpg\" width=\"790\" height=\"1442\"><img alt=\"miaoshu4.jpg\" src=\"http://img.springboot.cn/9a650563-dc85-44d6-b174-d6960cfb1d6a.jpg\" width=\"790\" height=\"1441\"><br></p>',3299.00,99,1,'2000-04-13 18:51:54','2022-07-21 14:18:08'),(208,100012,'4+64G送手环/Huawei/华为 nova 手机P9/P10plus青春','NOVA青春版1999元','https://cdn.cnbj1.fds.api.mi-img.com/nr-pub/202207012000_0b9df066c110f201154013ac373df1d9.png','0093f5d3-bdb4-4fb0-bec5-5465dfd26363.jpeg,13da2172-4445-4eb5-a13f-c5d4ede8458c.jpeg,58d5d4b7-58d4-4948-81b6-2bae4f79bf02.jpeg','<p><img alt=\"11TB2fKK3cl0kpuFjSsziXXa.oVXa_!!1777180618.jpg\" src=\"http://img.springboot.cn/5c2d1c6d-9e09-48ce-bbdb-e833b42ff664.jpg\" width=\"790\" height=\"966\"><img alt=\"22TB2YP3AkEhnpuFjSZFpXXcpuXXa_!!1777180618.jpg\" src=\"http://img.springboot.cn/9a10b877-818f-4a27-b6f7-62887f3fb39d.jpg\" width=\"790\" height=\"1344\"><img alt=\"33TB2Yyshk.hnpuFjSZFpXXcpuXXa_!!1777180618.jpg\" src=\"http://img.springboot.cn/7d7fbd69-a3cb-4efe-8765-423bf8276e3e.jpg\" width=\"790\" height=\"700\"><img alt=\"TB2diyziB8kpuFjSspeXXc7IpXa_!!1777180618.jpg\" src=\"http://img.springboot.cn/1d7160d2-9dba-422f-b2a0-e92847ba6ce9.jpg\" width=\"790\" height=\"393\"><br></p>',1999.00,100,1,'2000-04-13 18:57:18','2022-07-21 14:18:08'),(209,100008,'Haier/海尔HJ100-1HU1 10公斤滚筒洗衣机全自动带烘干家用大容量 洗烘一体','门店机型 德邦送货','https://cdn.cnbj1.fds.api.mi-img.com/nr-pub/202207012000_0b9df066c110f201154013ac373df1d9.png','173335a4-5dce-4afd-9f18-a10623724c4e.jpeg,42b1b8bc-27c7-4ee1-80ab-753d216a1d49.jpeg,2f1b3de1-1eb1-4c18-8ca2-518934931bec.jpeg','<p><img alt=\"1TB2WLZrcIaK.eBjSspjXXXL.XXa_!!2114960396.jpg\" src=\"http://img.springboot.cn/ffcce953-81bd-463c-acd1-d690b263d6df.jpg\" width=\"790\" height=\"920\"><img alt=\"2TB2zhOFbZCO.eBjSZFzXXaRiVXa_!!2114960396.jpg\" src=\"http://img.springboot.cn/58a7bd25-c3e7-4248-9dba-158ef2a90e70.jpg\" width=\"790\" height=\"1052\"><img alt=\"3TB27mCtb7WM.eBjSZFhXXbdWpXa_!!2114960396.jpg\" src=\"http://img.springboot.cn/2edbe9b3-28be-4a8b-a9c3-82e40703f22f.jpg\" width=\"790\" height=\"820\"><br></p>',4299.00,100,1,'2000-04-13 19:07:47','2022-07-21 14:18:08');
/*!40000 ALTER TABLE `tb_product` ENABLE KEYS */;
UNLOCK TABLES;

--
-- Table structure for table `tb_shipping`
--

DROP TABLE IF EXISTS `tb_shipping`;
/*!40101 SET @saved_cs_client     = @@character_set_client */;
/*!40101 SET character_set_client = utf8 */;
CREATE TABLE `tb_shipping` (
  `id` int(11) NOT NULL AUTO_INCREMENT,
  `user_id` int(11) NOT NULL COMMENT '用户id',
  `receiver_name` varchar(20) NOT NULL COMMENT '收货人姓名',
  `receiver_phone` varchar(20) NOT NULL COMMENT '收货人固定电话',
  `receiver_mobile` varchar(20) DEFAULT NULL COMMENT '收货人移动电话',
  `receiver_province` varchar(20) NOT NULL COMMENT '省份',
  `receiver_city` varchar(20) NOT NULL COMMENT '城市',
  `receiver_district` varchar(20) NOT NULL COMMENT '区/县',
  `receiver_address` varchar(200) NOT NULL COMMENT '详细地址',
  `receiver_zip` varchar(6) DEFAULT NULL COMMENT '邮编',
  `created_time` datetime NOT NULL DEFAULT CURRENT_TIMESTAMP,
  `modified_time` datetime NOT NULL DEFAULT CURRENT_TIMESTAMP ON UPDATE CURRENT_TIMESTAMP,
  PRIMARY KEY (`id`)
) ENGINE=InnoDB AUTO_INCREMENT=3 DEFAULT CHARSET=utf8;
/*!40101 SET character_set_client = @saved_cs_client */;

--
-- Dumping data for table `tb_shipping`
--

LOCK TABLES `tb_shipping` WRITE;
/*!40000 ALTER TABLE `tb_shipping` DISABLE KEYS */;
INSERT INTO `tb_shipping` VALUES (1,1,'雷哥','13800000000','13800000000','湖北','宜昌','宜都','湖北省武汉市讲哈去','443300','2020-03-17 18:00:23','2022-07-12 21:13:47'),(2,2,'Jack','11111111111','1121212312','beijing','beijing','潘家园','松榆里65号','100001','2022-07-12 21:23:08','2022-07-12 21:23:08');
/*!40000 ALTER TABLE `tb_shipping` ENABLE KEYS */;
UNLOCK TABLES;

--
-- Table structure for table `tb_user`
--

DROP TABLE IF EXISTS `tb_user`;
/*!40101 SET @saved_cs_client     = @@character_set_client */;
/*!40101 SET character_set_client = utf8 */;
CREATE TABLE `tb_user` (
  `id` int(11) NOT NULL AUTO_INCREMENT COMMENT '用户表id',
  `username` varchar(50) NOT NULL COMMENT '用户名',
  `password` varchar(100) NOT NULL COMMENT '用户密码，MD5加密',
  `email` varchar(50) NOT NULL,
  `phone` varchar(20) NOT NULL,
  `question` varchar(100) DEFAULT NULL COMMENT '找回密码问题',
  `answer` varchar(100) DEFAULT NULL COMMENT '找回密码答案',
  `role` tinyint(1) NOT NULL DEFAULT '1' COMMENT '角色0-管理员,1-普通用户',
  `created_time` datetime NOT NULL DEFAULT CURRENT_TIMESTAMP COMMENT '创建时间',
  `modified_time` datetime NOT NULL DEFAULT CURRENT_TIMESTAMP ON UPDATE CURRENT_TIMESTAMP COMMENT '最后一次更新时间',
  PRIMARY KEY (`id`),
  UNIQUE KEY `user_name_unique` (`username`) USING BTREE
) ENGINE=InnoDB AUTO_INCREMENT=3 DEFAULT CHARSET=utf8 COMMENT='用户表';
/*!40101 SET character_set_client = @saved_cs_client */;

--
-- Dumping data for table `tb_user`
--

LOCK TABLES `tb_user` WRITE;
/*!40000 ALTER TABLE `tb_user` DISABLE KEYS */;
INSERT INTO `tb_user` VALUES (1,'admin','$2a$10$61QAJpop68IQpQn4N0iEmOIcdNFuCofaWPXX0FA0rlFYIT6ujauBq','3898989@qq.com','13657177673',NULL,NULL,0,'2020-03-15 20:37:23','2022-07-11 07:40:25'),(2,'Jack','e10adc3949ba59abbe56e057f20f883e','jack@163.com','13323456789',NULL,NULL,1,'2022-07-11 12:51:59','2022-07-11 12:51:59');
/*!40000 ALTER TABLE `tb_user` ENABLE KEYS */;
UNLOCK TABLES;
/*!40103 SET TIME_ZONE=@OLD_TIME_ZONE */;

/*!40101 SET SQL_MODE=@OLD_SQL_MODE */;
/*!40014 SET FOREIGN_KEY_CHECKS=@OLD_FOREIGN_KEY_CHECKS */;
/*!40014 SET UNIQUE_CHECKS=@OLD_UNIQUE_CHECKS */;
/*!40101 SET CHARACTER_SET_CLIENT=@OLD_CHARACTER_SET_CLIENT */;
/*!40101 SET CHARACTER_SET_RESULTS=@OLD_CHARACTER_SET_RESULTS */;
/*!40101 SET COLLATION_CONNECTION=@OLD_COLLATION_CONNECTION */;
/*!40111 SET SQL_NOTES=@OLD_SQL_NOTES */;

-- Dump completed on 2022-07-21 14:25:45
